26-01-15 11:48:07 [main] INFO  44ogger -HHH000412: Hibernate ORM core version 5.4.33
26-01-15 11:48:09 [main] WARN  60ogger -HHH020100: The Ehcache second-level cache provider for Hibernate is deprecated.  See https://hibernate.atlassian.net/browse/HHH-12441 for details.
26-01-15 11:48:09 [main] INFO  56ogger -HCANN000001: Hibernate Commons Annotations {5.1.2.Final}
26-01-15 11:48:09 [main] WARN  72ogger -HHH10001002: Using Hibernate built-in connection pool (not for production use!)
26-01-15 11:48:09 [main] INFO  115ogger -HHH10001005: using driver [com.mysql.cj.jdbc.Driver] at URL [jdbc:mysql://localhost:3306/nadra_system]
26-01-15 11:48:09 [main] INFO  124ogger -HHH10001001: Connection properties: {password=****, user=root}
26-01-15 11:48:09 [main] INFO  129ogger -HHH10001003: Autocommit mode: false
26-01-15 11:48:09 [main] INFO  259ogger -HHH000115: Hibernate connection pool size: 20 (min=1)
26-01-15 11:48:09 [main] INFO  175ogger -HHH000400: Using dialect: org.hibernate.dialect.MySQL5Dialect
26-01-15 11:48:10 [main] INFO  97ogger -Envers integration enabled? : true
26-01-15 11:48:11 [main] WARN  155ogger -HHH90001006: Missing cache[hibernate.cache.default-update-timestamps-region] was created on-the-fly. The created cache will use a provider-specific default configuration: make sure you defined one. You can disable this warning by setting 'hibernate.cache.ehcache.missing_cache_strategy' to 'create'.
26-01-15 11:48:11 [main] WARN  155ogger -HHH90001006: Missing cache[hibernate.cache.default-query-results-region] was created on-the-fly. The created cache will use a provider-specific default configuration: make sure you defined one. You can disable this warning by setting 'hibernate.cache.ehcache.missing_cache_strategy' to 'create'.
26-01-15 11:48:11 [main] WARN  155ogger -HHH90001006: Missing cache[hibernate.cache.com.entity.Users] was created on-the-fly. The created cache will use a provider-specific default configuration: make sure you defined one. You can disable this warning by setting 'hibernate.cache.ehcache.missing_cache_strategy' to 'create'.
26-01-15 11:48:11 [main] WARN  155ogger -HHH90001006: Missing cache[hibernate.cache.com.entity.Districts] was created on-the-fly. The created cache will use a provider-specific default configuration: make sure you defined one. You can disable this warning by setting 'hibernate.cache.ehcache.missing_cache_strategy' to 'create'.
26-01-15 11:48:11 [main] WARN  155ogger -HHH90001006: Missing cache[hibernate.cache.com.entity.Provinces] was created on-the-fly. The created cache will use a provider-specific default configuration: make sure you defined one. You can disable this warning by setting 'hibernate.cache.ehcache.missing_cache_strategy' to 'create'.
26-01-15 11:48:11 [main] WARN  155ogger -HHH90001006: Missing cache[hibernate.cache.com.entity.Countries] was created on-the-fly. The created cache will use a provider-specific default configuration: make sure you defined one. You can disable this warning by setting 'hibernate.cache.ehcache.missing_cache_strategy' to 'create'.
26-01-15 11:48:11 [main] WARN  155ogger -HHH90001006: Missing cache[hibernate.cache.com.entity.LoggedIn] was created on-the-fly. The created cache will use a provider-specific default configuration: make sure you defined one. You can disable this warning by setting 'hibernate.cache.ehcache.missing_cache_strategy' to 'create'.
26-01-15 11:48:12 [main] INFO  47ogger -HHH10001501: Connection obtained from JdbcConnectionAccess [org.hibernate.engine.jdbc.env.internal.JdbcEnvironmentInitiator$ConnectionProviderJdbcConnectionAccess@2d728a9c] for (non-JTA) DDL execution was not in auto-commit mode; the Connection 'local transaction' will be committed and the Connection will be set into auto-commit mode.
26-01-15 11:48:12 [main] INFO  52ogger -HHH000490: Using JtaPlatform implementation: [org.hibernate.engine.transaction.jta.platform.internal.NoJtaPlatform]
26-01-15 11:50:12 [Catalina-utility-1] INFO  44ogger -HHH000412: Hibernate ORM core version 5.4.33
26-01-15 11:50:13 [Catalina-utility-1] WARN  60ogger -HHH020100: The Ehcache second-level cache provider for Hibernate is deprecated.  See https://hibernate.atlassian.net/browse/HHH-12441 for details.
26-01-15 11:50:13 [Catalina-utility-1] INFO  56ogger -HCANN000001: Hibernate Commons Annotations {5.1.2.Final}
26-01-15 11:50:13 [Catalina-utility-1] WARN  72ogger -HHH10001002: Using Hibernate built-in connection pool (not for production use!)
26-01-15 11:50:13 [Catalina-utility-1] INFO  115ogger -HHH10001005: using driver [com.mysql.cj.jdbc.Driver] at URL [jdbc:mysql://localhost:3306/nadra_system]
26-01-15 11:50:13 [Catalina-utility-1] INFO  124ogger -HHH10001001: Connection properties: {password=****, user=root}
26-01-15 11:50:13 [Catalina-utility-1] INFO  129ogger -HHH10001003: Autocommit mode: false
26-01-15 11:50:13 [Catalina-utility-1] INFO  259ogger -HHH000115: Hibernate connection pool size: 20 (min=1)
26-01-15 11:50:13 [Catalina-utility-1] INFO  175ogger -HHH000400: Using dialect: org.hibernate.dialect.MySQL5Dialect
26-01-15 11:50:13 [Catalina-utility-1] INFO  97ogger -Envers integration enabled? : true
26-01-15 11:50:14 [Catalina-utility-1] WARN  155ogger -HHH90001006: Missing cache[hibernate.cache.default-update-timestamps-region] was created on-the-fly. The created cache will use a provider-specific default configuration: make sure you defined one. You can disable this warning by setting 'hibernate.cache.ehcache.missing_cache_strategy' to 'create'.
26-01-15 11:50:14 [Catalina-utility-1] WARN  155ogger -HHH90001006: Missing cache[hibernate.cache.default-query-results-region] was created on-the-fly. The created cache will use a provider-specific default configuration: make sure you defined one. You can disable this warning by setting 'hibernate.cache.ehcache.missing_cache_strategy' to 'create'.
26-01-15 11:50:14 [Catalina-utility-1] WARN  155ogger -HHH90001006: Missing cache[hibernate.cache.com.entity.Districts] was created on-the-fly. The created cache will use a provider-specific default configuration: make sure you defined one. You can disable this warning by setting 'hibernate.cache.ehcache.missing_cache_strategy' to 'create'.
26-01-15 11:50:14 [Catalina-utility-1] WARN  155ogger -HHH90001006: Missing cache[hibernate.cache.com.entity.Provinces] was created on-the-fly. The created cache will use a provider-specific default configuration: make sure you defined one. You can disable this warning by setting 'hibernate.cache.ehcache.missing_cache_strategy' to 'create'.
26-01-15 11:50:14 [Catalina-utility-1] WARN  155ogger -HHH90001006: Missing cache[hibernate.cache.com.entity.Users] was created on-the-fly. The created cache will use a provider-specific default configuration: make sure you defined one. You can disable this warning by setting 'hibernate.cache.ehcache.missing_cache_strategy' to 'create'.
26-01-15 11:50:14 [Catalina-utility-1] WARN  155ogger -HHH90001006: Missing cache[hibernate.cache.com.entity.Countries] was created on-the-fly. The created cache will use a provider-specific default configuration: make sure you defined one. You can disable this warning by setting 'hibernate.cache.ehcache.missing_cache_strategy' to 'create'.
26-01-15 11:50:14 [Catalina-utility-1] WARN  155ogger -HHH90001006: Missing cache[hibernate.cache.com.entity.LoggedIn] was created on-the-fly. The created cache will use a provider-specific default configuration: make sure you defined one. You can disable this warning by setting 'hibernate.cache.ehcache.missing_cache_strategy' to 'create'.
26-01-15 11:50:15 [Catalina-utility-1] INFO  47ogger -HHH10001501: Connection obtained from JdbcConnectionAccess [org.hibernate.engine.jdbc.env.internal.JdbcEnvironmentInitiator$ConnectionProviderJdbcConnectionAccess@635795c6] for (non-JTA) DDL execution was not in auto-commit mode; the Connection 'local transaction' will be committed and the Connection will be set into auto-commit mode.
26-01-15 11:50:15 [Catalina-utility-1] INFO  52ogger -HHH000490: Using JtaPlatform implementation: [org.hibernate.engine.transaction.jta.platform.internal.NoJtaPlatform]
26-01-15 11:50:27 [http-nio-8080-exec-1] WARN  331ogger -Invalid Crendentials3520412345678Password123456
26-01-15 11:50:33 [http-nio-8080-exec-10] INFO  387ogger -User Login SuccessFully Ali IP Address Is :0:0:0:0:0:0:0:1
26-01-15 11:51:54 [main] INFO  44ogger -HHH000412: Hibernate ORM core version 5.4.33
26-01-15 11:51:55 [main] WARN  60ogger -HHH020100: The Ehcache second-level cache provider for Hibernate is deprecated.  See https://hibernate.atlassian.net/browse/HHH-12441 for details.
26-01-15 11:51:55 [main] INFO  56ogger -HCANN000001: Hibernate Commons Annotations {5.1.2.Final}
26-01-15 11:51:56 [main] WARN  72ogger -HHH10001002: Using Hibernate built-in connection pool (not for production use!)
26-01-15 11:51:56 [main] INFO  115ogger -HHH10001005: using driver [com.mysql.cj.jdbc.Driver] at URL [jdbc:mysql://localhost:3306/nadra_system]
26-01-15 11:51:56 [main] INFO  124ogger -HHH10001001: Connection properties: {password=****, user=root}
26-01-15 11:51:56 [main] INFO  129ogger -HHH10001003: Autocommit mode: false
26-01-15 11:51:56 [main] INFO  259ogger -HHH000115: Hibernate connection pool size: 20 (min=1)
26-01-15 11:51:56 [main] INFO  175ogger -HHH000400: Using dialect: org.hibernate.dialect.MySQL5Dialect
26-01-15 11:51:56 [main] INFO  97ogger -Envers integration enabled? : true
26-01-15 11:51:58 [main] WARN  155ogger -HHH90001006: Missing cache[hibernate.cache.default-update-timestamps-region] was created on-the-fly. The created cache will use a provider-specific default configuration: make sure you defined one. You can disable this warning by setting 'hibernate.cache.ehcache.missing_cache_strategy' to 'create'.
26-01-15 11:51:58 [main] WARN  155ogger -HHH90001006: Missing cache[hibernate.cache.default-query-results-region] was created on-the-fly. The created cache will use a provider-specific default configuration: make sure you defined one. You can disable this warning by setting 'hibernate.cache.ehcache.missing_cache_strategy' to 'create'.
26-01-15 11:51:58 [main] WARN  155ogger -HHH90001006: Missing cache[hibernate.cache.com.entity.Districts] was created on-the-fly. The created cache will use a provider-specific default configuration: make sure you defined one. You can disable this warning by setting 'hibernate.cache.ehcache.missing_cache_strategy' to 'create'.
26-01-15 11:51:58 [main] WARN  155ogger -HHH90001006: Missing cache[hibernate.cache.com.entity.Countries] was created on-the-fly. The created cache will use a provider-specific default configuration: make sure you defined one. You can disable this warning by setting 'hibernate.cache.ehcache.missing_cache_strategy' to 'create'.
26-01-15 11:51:58 [main] WARN  155ogger -HHH90001006: Missing cache[hibernate.cache.com.entity.LoggedIn] was created on-the-fly. The created cache will use a provider-specific default configuration: make sure you defined one. You can disable this warning by setting 'hibernate.cache.ehcache.missing_cache_strategy' to 'create'.
26-01-15 11:51:58 [main] WARN  155ogger -HHH90001006: Missing cache[hibernate.cache.com.entity.Users] was created on-the-fly. The created cache will use a provider-specific default configuration: make sure you defined one. You can disable this warning by setting 'hibernate.cache.ehcache.missing_cache_strategy' to 'create'.
26-01-15 11:51:58 [main] WARN  155ogger -HHH90001006: Missing cache[hibernate.cache.com.entity.Provinces] was created on-the-fly. The created cache will use a provider-specific default configuration: make sure you defined one. You can disable this warning by setting 'hibernate.cache.ehcache.missing_cache_strategy' to 'create'.
26-01-15 11:51:59 [main] INFO  47ogger -HHH10001501: Connection obtained from JdbcConnectionAccess [org.hibernate.engine.jdbc.env.internal.JdbcEnvironmentInitiator$ConnectionProviderJdbcConnectionAccess@7e822c11] for (non-JTA) DDL execution was not in auto-commit mode; the Connection 'local transaction' will be committed and the Connection will be set into auto-commit mode.
26-01-15 11:51:59 [main] INFO  52ogger -HHH000490: Using JtaPlatform implementation: [org.hibernate.engine.transaction.jta.platform.internal.NoJtaPlatform]
26-01-15 11:59:31 [Catalina-utility-2] INFO  44ogger -HHH000412: Hibernate ORM core version 5.4.33
26-01-15 11:59:32 [Catalina-utility-2] WARN  60ogger -HHH020100: The Ehcache second-level cache provider for Hibernate is deprecated.  See https://hibernate.atlassian.net/browse/HHH-12441 for details.
26-01-15 11:59:32 [Catalina-utility-2] INFO  56ogger -HCANN000001: Hibernate Commons Annotations {5.1.2.Final}
26-01-15 11:59:32 [Catalina-utility-2] WARN  72ogger -HHH10001002: Using Hibernate built-in connection pool (not for production use!)
26-01-15 11:59:32 [Catalina-utility-2] INFO  115ogger -HHH10001005: using driver [com.mysql.cj.jdbc.Driver] at URL [jdbc:mysql://localhost:3306/nadra_system]
26-01-15 11:59:32 [Catalina-utility-2] INFO  124ogger -HHH10001001: Connection properties: {password=****, user=root}
26-01-15 11:59:32 [Catalina-utility-2] INFO  129ogger -HHH10001003: Autocommit mode: false
26-01-15 11:59:32 [Catalina-utility-2] INFO  259ogger -HHH000115: Hibernate connection pool size: 20 (min=1)
26-01-15 11:59:33 [Catalina-utility-2] INFO  175ogger -HHH000400: Using dialect: org.hibernate.dialect.MySQL5Dialect
26-01-15 11:59:33 [Catalina-utility-2] INFO  97ogger -Envers integration enabled? : true
26-01-15 11:59:34 [Catalina-utility-2] WARN  155ogger -HHH90001006: Missing cache[hibernate.cache.default-update-timestamps-region] was created on-the-fly. The created cache will use a provider-specific default configuration: make sure you defined one. You can disable this warning by setting 'hibernate.cache.ehcache.missing_cache_strategy' to 'create'.
26-01-15 11:59:34 [Catalina-utility-2] WARN  155ogger -HHH90001006: Missing cache[hibernate.cache.default-query-results-region] was created on-the-fly. The created cache will use a provider-specific default configuration: make sure you defined one. You can disable this warning by setting 'hibernate.cache.ehcache.missing_cache_strategy' to 'create'.
26-01-15 11:59:34 [Catalina-utility-2] WARN  155ogger -HHH90001006: Missing cache[hibernate.cache.com.entity.LoggedIn] was created on-the-fly. The created cache will use a provider-specific default configuration: make sure you defined one. You can disable this warning by setting 'hibernate.cache.ehcache.missing_cache_strategy' to 'create'.
26-01-15 11:59:34 [Catalina-utility-2] WARN  155ogger -HHH90001006: Missing cache[hibernate.cache.com.entity.Countries] was created on-the-fly. The created cache will use a provider-specific default configuration: make sure you defined one. You can disable this warning by setting 'hibernate.cache.ehcache.missing_cache_strategy' to 'create'.
26-01-15 11:59:34 [Catalina-utility-2] WARN  155ogger -HHH90001006: Missing cache[hibernate.cache.com.entity.Provinces] was created on-the-fly. The created cache will use a provider-specific default configuration: make sure you defined one. You can disable this warning by setting 'hibernate.cache.ehcache.missing_cache_strategy' to 'create'.
26-01-15 11:59:34 [Catalina-utility-2] WARN  155ogger -HHH90001006: Missing cache[hibernate.cache.com.entity.Users] was created on-the-fly. The created cache will use a provider-specific default configuration: make sure you defined one. You can disable this warning by setting 'hibernate.cache.ehcache.missing_cache_strategy' to 'create'.
26-01-15 11:59:34 [Catalina-utility-2] WARN  155ogger -HHH90001006: Missing cache[hibernate.cache.com.entity.Districts] was created on-the-fly. The created cache will use a provider-specific default configuration: make sure you defined one. You can disable this warning by setting 'hibernate.cache.ehcache.missing_cache_strategy' to 'create'.
26-01-15 11:59:36 [Catalina-utility-2] INFO  47ogger -HHH10001501: Connection obtained from JdbcConnectionAccess [org.hibernate.engine.jdbc.env.internal.JdbcEnvironmentInitiator$ConnectionProviderJdbcConnectionAccess@7ecc3c6b] for (non-JTA) DDL execution was not in auto-commit mode; the Connection 'local transaction' will be committed and the Connection will be set into auto-commit mode.
26-01-15 11:59:36 [Catalina-utility-2] INFO  52ogger -HHH000490: Using JtaPlatform implementation: [org.hibernate.engine.transaction.jta.platform.internal.NoJtaPlatform]
26-01-15 12:00:30 [Catalina-utility-1] INFO  44ogger -HHH000412: Hibernate ORM core version 5.4.33
26-01-15 12:00:31 [Catalina-utility-1] WARN  60ogger -HHH020100: The Ehcache second-level cache provider for Hibernate is deprecated.  See https://hibernate.atlassian.net/browse/HHH-12441 for details.
26-01-15 12:00:31 [Catalina-utility-1] INFO  56ogger -HCANN000001: Hibernate Commons Annotations {5.1.2.Final}
26-01-15 12:00:31 [Catalina-utility-1] WARN  72ogger -HHH10001002: Using Hibernate built-in connection pool (not for production use!)
26-01-15 12:00:31 [Catalina-utility-1] INFO  115ogger -HHH10001005: using driver [com.mysql.cj.jdbc.Driver] at URL [jdbc:mysql://localhost:3306/nadra_system]
26-01-15 12:00:31 [Catalina-utility-1] INFO  124ogger -HHH10001001: Connection properties: {password=****, user=root}
26-01-15 12:00:31 [Catalina-utility-1] INFO  129ogger -HHH10001003: Autocommit mode: false
26-01-15 12:00:31 [Catalina-utility-1] INFO  259ogger -HHH000115: Hibernate connection pool size: 20 (min=1)
26-01-15 12:00:31 [Catalina-utility-1] INFO  175ogger -HHH000400: Using dialect: org.hibernate.dialect.MySQL5Dialect
26-01-15 12:00:31 [Catalina-utility-1] INFO  97ogger -Envers integration enabled? : true
26-01-15 12:00:32 [Catalina-utility-1] WARN  155ogger -HHH90001006: Missing cache[hibernate.cache.default-update-timestamps-region] was created on-the-fly. The created cache will use a provider-specific default configuration: make sure you defined one. You can disable this warning by setting 'hibernate.cache.ehcache.missing_cache_strategy' to 'create'.
26-01-15 12:00:32 [Catalina-utility-1] WARN  155ogger -HHH90001006: Missing cache[hibernate.cache.default-query-results-region] was created on-the-fly. The created cache will use a provider-specific default configuration: make sure you defined one. You can disable this warning by setting 'hibernate.cache.ehcache.missing_cache_strategy' to 'create'.
26-01-15 12:00:32 [Catalina-utility-1] WARN  155ogger -HHH90001006: Missing cache[hibernate.cache.com.entity.Users] was created on-the-fly. The created cache will use a provider-specific default configuration: make sure you defined one. You can disable this warning by setting 'hibernate.cache.ehcache.missing_cache_strategy' to 'create'.
26-01-15 12:00:32 [Catalina-utility-1] WARN  155ogger -HHH90001006: Missing cache[hibernate.cache.com.entity.Countries] was created on-the-fly. The created cache will use a provider-specific default configuration: make sure you defined one. You can disable this warning by setting 'hibernate.cache.ehcache.missing_cache_strategy' to 'create'.
26-01-15 12:00:32 [Catalina-utility-1] WARN  155ogger -HHH90001006: Missing cache[hibernate.cache.com.entity.LoggedIn] was created on-the-fly. The created cache will use a provider-specific default configuration: make sure you defined one. You can disable this warning by setting 'hibernate.cache.ehcache.missing_cache_strategy' to 'create'.
26-01-15 12:00:32 [Catalina-utility-1] WARN  155ogger -HHH90001006: Missing cache[hibernate.cache.com.entity.Districts] was created on-the-fly. The created cache will use a provider-specific default configuration: make sure you defined one. You can disable this warning by setting 'hibernate.cache.ehcache.missing_cache_strategy' to 'create'.
26-01-15 12:00:32 [Catalina-utility-1] WARN  155ogger -HHH90001006: Missing cache[hibernate.cache.com.entity.Provinces] was created on-the-fly. The created cache will use a provider-specific default configuration: make sure you defined one. You can disable this warning by setting 'hibernate.cache.ehcache.missing_cache_strategy' to 'create'.
26-01-15 12:00:33 [Catalina-utility-1] INFO  47ogger -HHH10001501: Connection obtained from JdbcConnectionAccess [org.hibernate.engine.jdbc.env.internal.JdbcEnvironmentInitiator$ConnectionProviderJdbcConnectionAccess@15ba9cac] for (non-JTA) DDL execution was not in auto-commit mode; the Connection 'local transaction' will be committed and the Connection will be set into auto-commit mode.
26-01-15 12:00:33 [Catalina-utility-1] INFO  52ogger -HHH000490: Using JtaPlatform implementation: [org.hibernate.engine.transaction.jta.platform.internal.NoJtaPlatform]
26-01-15 12:01:12 [main] INFO  44ogger -HHH000412: Hibernate ORM core version 5.4.33
26-01-15 12:01:13 [main] WARN  60ogger -HHH020100: The Ehcache second-level cache provider for Hibernate is deprecated.  See https://hibernate.atlassian.net/browse/HHH-12441 for details.
26-01-15 12:01:13 [main] INFO  56ogger -HCANN000001: Hibernate Commons Annotations {5.1.2.Final}
26-01-15 12:01:14 [main] WARN  72ogger -HHH10001002: Using Hibernate built-in connection pool (not for production use!)
26-01-15 12:01:14 [main] INFO  115ogger -HHH10001005: using driver [com.mysql.cj.jdbc.Driver] at URL [jdbc:mysql://localhost:3306/nadra_system]
26-01-15 12:01:14 [main] INFO  124ogger -HHH10001001: Connection properties: {password=****, user=root}
26-01-15 12:01:14 [main] INFO  129ogger -HHH10001003: Autocommit mode: false
26-01-15 12:01:14 [main] INFO  259ogger -HHH000115: Hibernate connection pool size: 20 (min=1)
26-01-15 12:01:14 [main] INFO  175ogger -HHH000400: Using dialect: org.hibernate.dialect.MySQL5Dialect
26-01-15 12:01:14 [main] INFO  97ogger -Envers integration enabled? : true
26-01-15 12:01:16 [main] WARN  155ogger -HHH90001006: Missing cache[hibernate.cache.default-update-timestamps-region] was created on-the-fly. The created cache will use a provider-specific default configuration: make sure you defined one. You can disable this warning by setting 'hibernate.cache.ehcache.missing_cache_strategy' to 'create'.
26-01-15 12:01:16 [main] WARN  155ogger -HHH90001006: Missing cache[hibernate.cache.default-query-results-region] was created on-the-fly. The created cache will use a provider-specific default configuration: make sure you defined one. You can disable this warning by setting 'hibernate.cache.ehcache.missing_cache_strategy' to 'create'.
26-01-15 12:01:16 [main] WARN  155ogger -HHH90001006: Missing cache[hibernate.cache.com.entity.Provinces] was created on-the-fly. The created cache will use a provider-specific default configuration: make sure you defined one. You can disable this warning by setting 'hibernate.cache.ehcache.missing_cache_strategy' to 'create'.
26-01-15 12:01:16 [main] WARN  155ogger -HHH90001006: Missing cache[hibernate.cache.com.entity.Countries] was created on-the-fly. The created cache will use a provider-specific default configuration: make sure you defined one. You can disable this warning by setting 'hibernate.cache.ehcache.missing_cache_strategy' to 'create'.
26-01-15 12:01:16 [main] WARN  155ogger -HHH90001006: Missing cache[hibernate.cache.com.entity.LoggedIn] was created on-the-fly. The created cache will use a provider-specific default configuration: make sure you defined one. You can disable this warning by setting 'hibernate.cache.ehcache.missing_cache_strategy' to 'create'.
26-01-15 12:01:16 [main] WARN  155ogger -HHH90001006: Missing cache[hibernate.cache.com.entity.Users] was created on-the-fly. The created cache will use a provider-specific default configuration: make sure you defined one. You can disable this warning by setting 'hibernate.cache.ehcache.missing_cache_strategy' to 'create'.
26-01-15 12:01:16 [main] WARN  155ogger -HHH90001006: Missing cache[hibernate.cache.com.entity.Districts] was created on-the-fly. The created cache will use a provider-specific default configuration: make sure you defined one. You can disable this warning by setting 'hibernate.cache.ehcache.missing_cache_strategy' to 'create'.
26-01-15 12:01:16 [main] INFO  47ogger -HHH10001501: Connection obtained from JdbcConnectionAccess [org.hibernate.engine.jdbc.env.internal.JdbcEnvironmentInitiator$ConnectionProviderJdbcConnectionAccess@420307f9] for (non-JTA) DDL execution was not in auto-commit mode; the Connection 'local transaction' will be committed and the Connection will be set into auto-commit mode.
26-01-15 12:01:17 [main] INFO  52ogger -HHH000490: Using JtaPlatform implementation: [org.hibernate.engine.transaction.jta.platform.internal.NoJtaPlatform]
26-01-15 12:02:28 [Catalina-utility-2] INFO  44ogger -HHH000412: Hibernate ORM core version 5.4.33
26-01-15 12:02:29 [Catalina-utility-2] WARN  60ogger -HHH020100: The Ehcache second-level cache provider for Hibernate is deprecated.  See https://hibernate.atlassian.net/browse/HHH-12441 for details.
26-01-15 12:02:29 [Catalina-utility-2] INFO  56ogger -HCANN000001: Hibernate Commons Annotations {5.1.2.Final}
26-01-15 12:02:29 [Catalina-utility-2] WARN  72ogger -HHH10001002: Using Hibernate built-in connection pool (not for production use!)
26-01-15 12:02:29 [Catalina-utility-2] INFO  115ogger -HHH10001005: using driver [com.mysql.cj.jdbc.Driver] at URL [jdbc:mysql://localhost:3306/nadra_system]
26-01-15 12:02:29 [Catalina-utility-2] INFO  124ogger -HHH10001001: Connection properties: {password=****, user=root}
26-01-15 12:02:29 [Catalina-utility-2] INFO  129ogger -HHH10001003: Autocommit mode: false
26-01-15 12:02:29 [Catalina-utility-2] INFO  259ogger -HHH000115: Hibernate connection pool size: 20 (min=1)
26-01-15 12:02:30 [Catalina-utility-2] INFO  175ogger -HHH000400: Using dialect: org.hibernate.dialect.MySQL5Dialect
26-01-15 12:02:30 [Catalina-utility-2] INFO  97ogger -Envers integration enabled? : true
26-01-15 12:02:31 [Catalina-utility-2] WARN  155ogger -HHH90001006: Missing cache[hibernate.cache.default-update-timestamps-region] was created on-the-fly. The created cache will use a provider-specific default configuration: make sure you defined one. You can disable this warning by setting 'hibernate.cache.ehcache.missing_cache_strategy' to 'create'.
26-01-15 12:02:31 [Catalina-utility-2] WARN  155ogger -HHH90001006: Missing cache[hibernate.cache.default-query-results-region] was created on-the-fly. The created cache will use a provider-specific default configuration: make sure you defined one. You can disable this warning by setting 'hibernate.cache.ehcache.missing_cache_strategy' to 'create'.
26-01-15 12:02:31 [Catalina-utility-2] WARN  155ogger -HHH90001006: Missing cache[hibernate.cache.com.entity.Districts] was created on-the-fly. The created cache will use a provider-specific default configuration: make sure you defined one. You can disable this warning by setting 'hibernate.cache.ehcache.missing_cache_strategy' to 'create'.
26-01-15 12:02:31 [Catalina-utility-2] WARN  155ogger -HHH90001006: Missing cache[hibernate.cache.com.entity.Countries] was created on-the-fly. The created cache will use a provider-specific default configuration: make sure you defined one. You can disable this warning by setting 'hibernate.cache.ehcache.missing_cache_strategy' to 'create'.
26-01-15 12:02:31 [Catalina-utility-2] WARN  155ogger -HHH90001006: Missing cache[hibernate.cache.com.entity.Users] was created on-the-fly. The created cache will use a provider-specific default configuration: make sure you defined one. You can disable this warning by setting 'hibernate.cache.ehcache.missing_cache_strategy' to 'create'.
26-01-15 12:02:31 [Catalina-utility-2] WARN  155ogger -HHH90001006: Missing cache[hibernate.cache.com.entity.LoggedIn] was created on-the-fly. The created cache will use a provider-specific default configuration: make sure you defined one. You can disable this warning by setting 'hibernate.cache.ehcache.missing_cache_strategy' to 'create'.
26-01-15 12:02:31 [Catalina-utility-2] WARN  155ogger -HHH90001006: Missing cache[hibernate.cache.com.entity.Provinces] was created on-the-fly. The created cache will use a provider-specific default configuration: make sure you defined one. You can disable this warning by setting 'hibernate.cache.ehcache.missing_cache_strategy' to 'create'.
26-01-15 12:02:31 [Catalina-utility-2] INFO  47ogger -HHH10001501: Connection obtained from JdbcConnectionAccess [org.hibernate.engine.jdbc.env.internal.JdbcEnvironmentInitiator$ConnectionProviderJdbcConnectionAccess@16366781] for (non-JTA) DDL execution was not in auto-commit mode; the Connection 'local transaction' will be committed and the Connection will be set into auto-commit mode.
26-01-15 12:02:32 [Catalina-utility-2] INFO  52ogger -HHH000490: Using JtaPlatform implementation: [org.hibernate.engine.transaction.jta.platform.internal.NoJtaPlatform]
26-01-15 12:03:54 [Catalina-utility-2] INFO  44ogger -HHH000412: Hibernate ORM core version 5.4.33
26-01-15 12:03:55 [Catalina-utility-2] WARN  60ogger -HHH020100: The Ehcache second-level cache provider for Hibernate is deprecated.  See https://hibernate.atlassian.net/browse/HHH-12441 for details.
26-01-15 12:03:55 [Catalina-utility-2] INFO  56ogger -HCANN000001: Hibernate Commons Annotations {5.1.2.Final}
26-01-15 12:03:56 [Catalina-utility-2] WARN  72ogger -HHH10001002: Using Hibernate built-in connection pool (not for production use!)
26-01-15 12:03:56 [Catalina-utility-2] INFO  115ogger -HHH10001005: using driver [com.mysql.cj.jdbc.Driver] at URL [jdbc:mysql://localhost:3306/nadra_system]
26-01-15 12:03:56 [Catalina-utility-2] INFO  124ogger -HHH10001001: Connection properties: {password=****, user=root}
26-01-15 12:03:56 [Catalina-utility-2] INFO  129ogger -HHH10001003: Autocommit mode: false
26-01-15 12:03:56 [Catalina-utility-2] INFO  259ogger -HHH000115: Hibernate connection pool size: 20 (min=1)
26-01-15 12:03:56 [Catalina-utility-2] INFO  175ogger -HHH000400: Using dialect: org.hibernate.dialect.MySQL5Dialect
26-01-15 12:03:56 [Catalina-utility-2] INFO  97ogger -Envers integration enabled? : true
26-01-15 12:03:58 [Catalina-utility-2] WARN  155ogger -HHH90001006: Missing cache[hibernate.cache.default-update-timestamps-region] was created on-the-fly. The created cache will use a provider-specific default configuration: make sure you defined one. You can disable this warning by setting 'hibernate.cache.ehcache.missing_cache_strategy' to 'create'.
26-01-15 12:03:58 [Catalina-utility-2] WARN  155ogger -HHH90001006: Missing cache[hibernate.cache.default-query-results-region] was created on-the-fly. The created cache will use a provider-specific default configuration: make sure you defined one. You can disable this warning by setting 'hibernate.cache.ehcache.missing_cache_strategy' to 'create'.
26-01-15 12:03:59 [Catalina-utility-2] WARN  155ogger -HHH90001006: Missing cache[hibernate.cache.com.entity.Districts] was created on-the-fly. The created cache will use a provider-specific default configuration: make sure you defined one. You can disable this warning by setting 'hibernate.cache.ehcache.missing_cache_strategy' to 'create'.
26-01-15 12:03:59 [Catalina-utility-2] WARN  155ogger -HHH90001006: Missing cache[hibernate.cache.com.entity.Provinces] was created on-the-fly. The created cache will use a provider-specific default configuration: make sure you defined one. You can disable this warning by setting 'hibernate.cache.ehcache.missing_cache_strategy' to 'create'.
26-01-15 12:03:59 [Catalina-utility-2] WARN  155ogger -HHH90001006: Missing cache[hibernate.cache.com.entity.LoggedIn] was created on-the-fly. The created cache will use a provider-specific default configuration: make sure you defined one. You can disable this warning by setting 'hibernate.cache.ehcache.missing_cache_strategy' to 'create'.
26-01-15 12:03:59 [Catalina-utility-2] WARN  155ogger -HHH90001006: Missing cache[hibernate.cache.com.entity.Users] was created on-the-fly. The created cache will use a provider-specific default configuration: make sure you defined one. You can disable this warning by setting 'hibernate.cache.ehcache.missing_cache_strategy' to 'create'.
26-01-15 12:03:59 [Catalina-utility-2] WARN  155ogger -HHH90001006: Missing cache[hibernate.cache.com.entity.Countries] was created on-the-fly. The created cache will use a provider-specific default configuration: make sure you defined one. You can disable this warning by setting 'hibernate.cache.ehcache.missing_cache_strategy' to 'create'.
26-01-15 12:04:00 [Catalina-utility-2] INFO  47ogger -HHH10001501: Connection obtained from JdbcConnectionAccess [org.hibernate.engine.jdbc.env.internal.JdbcEnvironmentInitiator$ConnectionProviderJdbcConnectionAccess@2ab60f7a] for (non-JTA) DDL execution was not in auto-commit mode; the Connection 'local transaction' will be committed and the Connection will be set into auto-commit mode.
26-01-15 12:04:00 [Catalina-utility-2] INFO  52ogger -HHH000490: Using JtaPlatform implementation: [org.hibernate.engine.transaction.jta.platform.internal.NoJtaPlatform]
26-01-15 12:04:18 [Catalina-utility-2] INFO  44ogger -HHH000412: Hibernate ORM core version 5.4.33
26-01-15 12:04:20 [Catalina-utility-2] WARN  60ogger -HHH020100: The Ehcache second-level cache provider for Hibernate is deprecated.  See https://hibernate.atlassian.net/browse/HHH-12441 for details.
26-01-15 12:04:20 [Catalina-utility-2] INFO  56ogger -HCANN000001: Hibernate Commons Annotations {5.1.2.Final}
26-01-15 12:04:21 [Catalina-utility-2] WARN  72ogger -HHH10001002: Using Hibernate built-in connection pool (not for production use!)
26-01-15 12:04:21 [Catalina-utility-2] INFO  115ogger -HHH10001005: using driver [com.mysql.cj.jdbc.Driver] at URL [jdbc:mysql://localhost:3306/nadra_system]
26-01-15 12:04:21 [Catalina-utility-2] INFO  124ogger -HHH10001001: Connection properties: {password=****, user=root}
26-01-15 12:04:21 [Catalina-utility-2] INFO  129ogger -HHH10001003: Autocommit mode: false
26-01-15 12:04:21 [Catalina-utility-2] INFO  259ogger -HHH000115: Hibernate connection pool size: 20 (min=1)
26-01-15 12:04:22 [Catalina-utility-2] INFO  175ogger -HHH000400: Using dialect: org.hibernate.dialect.MySQL5Dialect
26-01-15 12:04:22 [Catalina-utility-2] INFO  97ogger -Envers integration enabled? : true
26-01-15 12:04:24 [Catalina-utility-2] WARN  155ogger -HHH90001006: Missing cache[hibernate.cache.default-update-timestamps-region] was created on-the-fly. The created cache will use a provider-specific default configuration: make sure you defined one. You can disable this warning by setting 'hibernate.cache.ehcache.missing_cache_strategy' to 'create'.
26-01-15 12:04:24 [Catalina-utility-2] WARN  155ogger -HHH90001006: Missing cache[hibernate.cache.default-query-results-region] was created on-the-fly. The created cache will use a provider-specific default configuration: make sure you defined one. You can disable this warning by setting 'hibernate.cache.ehcache.missing_cache_strategy' to 'create'.
26-01-15 12:04:24 [Catalina-utility-2] WARN  155ogger -HHH90001006: Missing cache[hibernate.cache.com.entity.Districts] was created on-the-fly. The created cache will use a provider-specific default configuration: make sure you defined one. You can disable this warning by setting 'hibernate.cache.ehcache.missing_cache_strategy' to 'create'.
26-01-15 12:04:24 [Catalina-utility-2] WARN  155ogger -HHH90001006: Missing cache[hibernate.cache.com.entity.Countries] was created on-the-fly. The created cache will use a provider-specific default configuration: make sure you defined one. You can disable this warning by setting 'hibernate.cache.ehcache.missing_cache_strategy' to 'create'.
26-01-15 12:04:24 [Catalina-utility-2] WARN  155ogger -HHH90001006: Missing cache[hibernate.cache.com.entity.LoggedIn] was created on-the-fly. The created cache will use a provider-specific default configuration: make sure you defined one. You can disable this warning by setting 'hibernate.cache.ehcache.missing_cache_strategy' to 'create'.
26-01-15 12:04:24 [Catalina-utility-2] WARN  155ogger -HHH90001006: Missing cache[hibernate.cache.com.entity.Users] was created on-the-fly. The created cache will use a provider-specific default configuration: make sure you defined one. You can disable this warning by setting 'hibernate.cache.ehcache.missing_cache_strategy' to 'create'.
26-01-15 12:04:24 [Catalina-utility-2] WARN  155ogger -HHH90001006: Missing cache[hibernate.cache.com.entity.Provinces] was created on-the-fly. The created cache will use a provider-specific default configuration: make sure you defined one. You can disable this warning by setting 'hibernate.cache.ehcache.missing_cache_strategy' to 'create'.
26-01-15 12:04:25 [Catalina-utility-2] INFO  47ogger -HHH10001501: Connection obtained from JdbcConnectionAccess [org.hibernate.engine.jdbc.env.internal.JdbcEnvironmentInitiator$ConnectionProviderJdbcConnectionAccess@637aed97] for (non-JTA) DDL execution was not in auto-commit mode; the Connection 'local transaction' will be committed and the Connection will be set into auto-commit mode.
26-01-15 12:04:26 [Catalina-utility-2] INFO  52ogger -HHH000490: Using JtaPlatform implementation: [org.hibernate.engine.transaction.jta.platform.internal.NoJtaPlatform]
26-01-15 12:05:03 [Catalina-utility-1] INFO  44ogger -HHH000412: Hibernate ORM core version 5.4.33
26-01-15 12:05:03 [Catalina-utility-1] WARN  60ogger -HHH020100: The Ehcache second-level cache provider for Hibernate is deprecated.  See https://hibernate.atlassian.net/browse/HHH-12441 for details.
26-01-15 12:05:03 [Catalina-utility-1] INFO  56ogger -HCANN000001: Hibernate Commons Annotations {5.1.2.Final}
26-01-15 12:05:04 [Catalina-utility-1] WARN  72ogger -HHH10001002: Using Hibernate built-in connection pool (not for production use!)
26-01-15 12:05:04 [Catalina-utility-1] INFO  115ogger -HHH10001005: using driver [com.mysql.cj.jdbc.Driver] at URL [jdbc:mysql://localhost:3306/nadra_system]
26-01-15 12:05:04 [Catalina-utility-1] INFO  124ogger -HHH10001001: Connection properties: {password=****, user=root}
26-01-15 12:05:04 [Catalina-utility-1] INFO  129ogger -HHH10001003: Autocommit mode: false
26-01-15 12:05:04 [Catalina-utility-1] INFO  259ogger -HHH000115: Hibernate connection pool size: 20 (min=1)
26-01-15 12:05:04 [Catalina-utility-1] INFO  175ogger -HHH000400: Using dialect: org.hibernate.dialect.MySQL5Dialect
26-01-15 12:05:04 [Catalina-utility-1] INFO  97ogger -Envers integration enabled? : true
26-01-15 12:05:05 [Catalina-utility-1] WARN  155ogger -HHH90001006: Missing cache[hibernate.cache.default-update-timestamps-region] was created on-the-fly. The created cache will use a provider-specific default configuration: make sure you defined one. You can disable this warning by setting 'hibernate.cache.ehcache.missing_cache_strategy' to 'create'.
26-01-15 12:05:05 [Catalina-utility-1] WARN  155ogger -HHH90001006: Missing cache[hibernate.cache.default-query-results-region] was created on-the-fly. The created cache will use a provider-specific default configuration: make sure you defined one. You can disable this warning by setting 'hibernate.cache.ehcache.missing_cache_strategy' to 'create'.
26-01-15 12:05:05 [Catalina-utility-1] WARN  155ogger -HHH90001006: Missing cache[hibernate.cache.com.entity.Provinces] was created on-the-fly. The created cache will use a provider-specific default configuration: make sure you defined one. You can disable this warning by setting 'hibernate.cache.ehcache.missing_cache_strategy' to 'create'.
26-01-15 12:05:05 [Catalina-utility-1] WARN  155ogger -HHH90001006: Missing cache[hibernate.cache.com.entity.Countries] was created on-the-fly. The created cache will use a provider-specific default configuration: make sure you defined one. You can disable this warning by setting 'hibernate.cache.ehcache.missing_cache_strategy' to 'create'.
26-01-15 12:05:05 [Catalina-utility-1] WARN  155ogger -HHH90001006: Missing cache[hibernate.cache.com.entity.Users] was created on-the-fly. The created cache will use a provider-specific default configuration: make sure you defined one. You can disable this warning by setting 'hibernate.cache.ehcache.missing_cache_strategy' to 'create'.
26-01-15 12:05:05 [Catalina-utility-1] WARN  155ogger -HHH90001006: Missing cache[hibernate.cache.com.entity.LoggedIn] was created on-the-fly. The created cache will use a provider-specific default configuration: make sure you defined one. You can disable this warning by setting 'hibernate.cache.ehcache.missing_cache_strategy' to 'create'.
26-01-15 12:05:05 [Catalina-utility-1] WARN  155ogger -HHH90001006: Missing cache[hibernate.cache.com.entity.Districts] was created on-the-fly. The created cache will use a provider-specific default configuration: make sure you defined one. You can disable this warning by setting 'hibernate.cache.ehcache.missing_cache_strategy' to 'create'.
26-01-15 12:05:06 [Catalina-utility-1] INFO  47ogger -HHH10001501: Connection obtained from JdbcConnectionAccess [org.hibernate.engine.jdbc.env.internal.JdbcEnvironmentInitiator$ConnectionProviderJdbcConnectionAccess@155dff0e] for (non-JTA) DDL execution was not in auto-commit mode; the Connection 'local transaction' will be committed and the Connection will be set into auto-commit mode.
26-01-15 12:05:06 [Catalina-utility-1] INFO  52ogger -HHH000490: Using JtaPlatform implementation: [org.hibernate.engine.transaction.jta.platform.internal.NoJtaPlatform]
26-01-15 12:05:18 [Catalina-utility-1] INFO  44ogger -HHH000412: Hibernate ORM core version 5.4.33
26-01-15 12:05:19 [Catalina-utility-1] WARN  60ogger -HHH020100: The Ehcache second-level cache provider for Hibernate is deprecated.  See https://hibernate.atlassian.net/browse/HHH-12441 for details.
26-01-15 12:05:19 [Catalina-utility-1] INFO  56ogger -HCANN000001: Hibernate Commons Annotations {5.1.2.Final}
26-01-15 12:05:19 [Catalina-utility-1] WARN  72ogger -HHH10001002: Using Hibernate built-in connection pool (not for production use!)
26-01-15 12:05:19 [Catalina-utility-1] INFO  115ogger -HHH10001005: using driver [com.mysql.cj.jdbc.Driver] at URL [jdbc:mysql://localhost:3306/nadra_system]
26-01-15 12:05:19 [Catalina-utility-1] INFO  124ogger -HHH10001001: Connection properties: {password=****, user=root}
26-01-15 12:05:19 [Catalina-utility-1] INFO  129ogger -HHH10001003: Autocommit mode: false
26-01-15 12:05:19 [Catalina-utility-1] INFO  259ogger -HHH000115: Hibernate connection pool size: 20 (min=1)
26-01-15 12:05:19 [Catalina-utility-1] INFO  175ogger -HHH000400: Using dialect: org.hibernate.dialect.MySQL5Dialect
26-01-15 12:05:19 [Catalina-utility-1] INFO  97ogger -Envers integration enabled? : true
26-01-15 12:05:20 [Catalina-utility-1] WARN  155ogger -HHH90001006: Missing cache[hibernate.cache.default-update-timestamps-region] was created on-the-fly. The created cache will use a provider-specific default configuration: make sure you defined one. You can disable this warning by setting 'hibernate.cache.ehcache.missing_cache_strategy' to 'create'.
26-01-15 12:05:20 [Catalina-utility-1] WARN  155ogger -HHH90001006: Missing cache[hibernate.cache.default-query-results-region] was created on-the-fly. The created cache will use a provider-specific default configuration: make sure you defined one. You can disable this warning by setting 'hibernate.cache.ehcache.missing_cache_strategy' to 'create'.
26-01-15 12:05:20 [Catalina-utility-1] WARN  155ogger -HHH90001006: Missing cache[hibernate.cache.com.entity.Countries] was created on-the-fly. The created cache will use a provider-specific default configuration: make sure you defined one. You can disable this warning by setting 'hibernate.cache.ehcache.missing_cache_strategy' to 'create'.
26-01-15 12:05:20 [Catalina-utility-1] WARN  155ogger -HHH90001006: Missing cache[hibernate.cache.com.entity.Users] was created on-the-fly. The created cache will use a provider-specific default configuration: make sure you defined one. You can disable this warning by setting 'hibernate.cache.ehcache.missing_cache_strategy' to 'create'.
26-01-15 12:05:20 [Catalina-utility-1] WARN  155ogger -HHH90001006: Missing cache[hibernate.cache.com.entity.Provinces] was created on-the-fly. The created cache will use a provider-specific default configuration: make sure you defined one. You can disable this warning by setting 'hibernate.cache.ehcache.missing_cache_strategy' to 'create'.
26-01-15 12:05:20 [Catalina-utility-1] WARN  155ogger -HHH90001006: Missing cache[hibernate.cache.com.entity.Districts] was created on-the-fly. The created cache will use a provider-specific default configuration: make sure you defined one. You can disable this warning by setting 'hibernate.cache.ehcache.missing_cache_strategy' to 'create'.
26-01-15 12:05:20 [Catalina-utility-1] WARN  155ogger -HHH90001006: Missing cache[hibernate.cache.com.entity.LoggedIn] was created on-the-fly. The created cache will use a provider-specific default configuration: make sure you defined one. You can disable this warning by setting 'hibernate.cache.ehcache.missing_cache_strategy' to 'create'.
26-01-15 12:05:21 [Catalina-utility-1] INFO  47ogger -HHH10001501: Connection obtained from JdbcConnectionAccess [org.hibernate.engine.jdbc.env.internal.JdbcEnvironmentInitiator$ConnectionProviderJdbcConnectionAccess@159eafa8] for (non-JTA) DDL execution was not in auto-commit mode; the Connection 'local transaction' will be committed and the Connection will be set into auto-commit mode.
26-01-15 12:05:21 [Catalina-utility-1] INFO  52ogger -HHH000490: Using JtaPlatform implementation: [org.hibernate.engine.transaction.jta.platform.internal.NoJtaPlatform]
26-01-15 12:05:33 [Catalina-utility-1] INFO  44ogger -HHH000412: Hibernate ORM core version 5.4.33
26-01-15 12:05:34 [Catalina-utility-1] WARN  60ogger -HHH020100: The Ehcache second-level cache provider for Hibernate is deprecated.  See https://hibernate.atlassian.net/browse/HHH-12441 for details.
26-01-15 12:05:34 [Catalina-utility-1] INFO  56ogger -HCANN000001: Hibernate Commons Annotations {5.1.2.Final}
26-01-15 12:05:34 [Catalina-utility-1] WARN  72ogger -HHH10001002: Using Hibernate built-in connection pool (not for production use!)
26-01-15 12:05:34 [Catalina-utility-1] INFO  115ogger -HHH10001005: using driver [com.mysql.cj.jdbc.Driver] at URL [jdbc:mysql://localhost:3306/nadra_system]
26-01-15 12:05:34 [Catalina-utility-1] INFO  124ogger -HHH10001001: Connection properties: {password=****, user=root}
26-01-15 12:05:34 [Catalina-utility-1] INFO  129ogger -HHH10001003: Autocommit mode: false
26-01-15 12:05:34 [Catalina-utility-1] INFO  259ogger -HHH000115: Hibernate connection pool size: 20 (min=1)
26-01-15 12:05:34 [Catalina-utility-1] INFO  175ogger -HHH000400: Using dialect: org.hibernate.dialect.MySQL5Dialect
26-01-15 12:05:34 [Catalina-utility-1] INFO  97ogger -Envers integration enabled? : true
26-01-15 12:05:35 [Catalina-utility-1] WARN  155ogger -HHH90001006: Missing cache[hibernate.cache.default-update-timestamps-region] was created on-the-fly. The created cache will use a provider-specific default configuration: make sure you defined one. You can disable this warning by setting 'hibernate.cache.ehcache.missing_cache_strategy' to 'create'.
26-01-15 12:05:35 [Catalina-utility-1] WARN  155ogger -HHH90001006: Missing cache[hibernate.cache.default-query-results-region] was created on-the-fly. The created cache will use a provider-specific default configuration: make sure you defined one. You can disable this warning by setting 'hibernate.cache.ehcache.missing_cache_strategy' to 'create'.
26-01-15 12:05:35 [Catalina-utility-1] WARN  155ogger -HHH90001006: Missing cache[hibernate.cache.com.entity.Users] was created on-the-fly. The created cache will use a provider-specific default configuration: make sure you defined one. You can disable this warning by setting 'hibernate.cache.ehcache.missing_cache_strategy' to 'create'.
26-01-15 12:05:35 [Catalina-utility-1] WARN  155ogger -HHH90001006: Missing cache[hibernate.cache.com.entity.Countries] was created on-the-fly. The created cache will use a provider-specific default configuration: make sure you defined one. You can disable this warning by setting 'hibernate.cache.ehcache.missing_cache_strategy' to 'create'.
26-01-15 12:05:35 [Catalina-utility-1] WARN  155ogger -HHH90001006: Missing cache[hibernate.cache.com.entity.LoggedIn] was created on-the-fly. The created cache will use a provider-specific default configuration: make sure you defined one. You can disable this warning by setting 'hibernate.cache.ehcache.missing_cache_strategy' to 'create'.
26-01-15 12:05:35 [Catalina-utility-1] WARN  155ogger -HHH90001006: Missing cache[hibernate.cache.com.entity.Districts] was created on-the-fly. The created cache will use a provider-specific default configuration: make sure you defined one. You can disable this warning by setting 'hibernate.cache.ehcache.missing_cache_strategy' to 'create'.
26-01-15 12:05:35 [Catalina-utility-1] WARN  155ogger -HHH90001006: Missing cache[hibernate.cache.com.entity.Provinces] was created on-the-fly. The created cache will use a provider-specific default configuration: make sure you defined one. You can disable this warning by setting 'hibernate.cache.ehcache.missing_cache_strategy' to 'create'.
26-01-15 12:05:36 [Catalina-utility-1] INFO  47ogger -HHH10001501: Connection obtained from JdbcConnectionAccess [org.hibernate.engine.jdbc.env.internal.JdbcEnvironmentInitiator$ConnectionProviderJdbcConnectionAccess@51bfc3b6] for (non-JTA) DDL execution was not in auto-commit mode; the Connection 'local transaction' will be committed and the Connection will be set into auto-commit mode.
26-01-15 12:05:36 [Catalina-utility-1] INFO  52ogger -HHH000490: Using JtaPlatform implementation: [org.hibernate.engine.transaction.jta.platform.internal.NoJtaPlatform]
26-01-15 12:06:01 [Catalina-utility-1] INFO  44ogger -HHH000412: Hibernate ORM core version 5.4.33
26-01-15 12:06:02 [Catalina-utility-1] WARN  60ogger -HHH020100: The Ehcache second-level cache provider for Hibernate is deprecated.  See https://hibernate.atlassian.net/browse/HHH-12441 for details.
26-01-15 12:06:02 [Catalina-utility-1] INFO  56ogger -HCANN000001: Hibernate Commons Annotations {5.1.2.Final}
26-01-15 12:06:02 [Catalina-utility-1] WARN  72ogger -HHH10001002: Using Hibernate built-in connection pool (not for production use!)
26-01-15 12:06:02 [Catalina-utility-1] INFO  115ogger -HHH10001005: using driver [com.mysql.cj.jdbc.Driver] at URL [jdbc:mysql://localhost:3306/nadra_system]
26-01-15 12:06:02 [Catalina-utility-1] INFO  124ogger -HHH10001001: Connection properties: {password=****, user=root}
26-01-15 12:06:02 [Catalina-utility-1] INFO  129ogger -HHH10001003: Autocommit mode: false
26-01-15 12:06:02 [Catalina-utility-1] INFO  259ogger -HHH000115: Hibernate connection pool size: 20 (min=1)
26-01-15 12:06:03 [Catalina-utility-1] INFO  175ogger -HHH000400: Using dialect: org.hibernate.dialect.MySQL5Dialect
26-01-15 12:06:03 [Catalina-utility-1] INFO  97ogger -Envers integration enabled? : true
26-01-15 12:06:04 [Catalina-utility-1] WARN  155ogger -HHH90001006: Missing cache[hibernate.cache.default-update-timestamps-region] was created on-the-fly. The created cache will use a provider-specific default configuration: make sure you defined one. You can disable this warning by setting 'hibernate.cache.ehcache.missing_cache_strategy' to 'create'.
26-01-15 12:06:04 [Catalina-utility-1] WARN  155ogger -HHH90001006: Missing cache[hibernate.cache.default-query-results-region] was created on-the-fly. The created cache will use a provider-specific default configuration: make sure you defined one. You can disable this warning by setting 'hibernate.cache.ehcache.missing_cache_strategy' to 'create'.
26-01-15 12:06:04 [Catalina-utility-1] WARN  155ogger -HHH90001006: Missing cache[hibernate.cache.com.entity.Provinces] was created on-the-fly. The created cache will use a provider-specific default configuration: make sure you defined one. You can disable this warning by setting 'hibernate.cache.ehcache.missing_cache_strategy' to 'create'.
26-01-15 12:06:04 [Catalina-utility-1] WARN  155ogger -HHH90001006: Missing cache[hibernate.cache.com.entity.Users] was created on-the-fly. The created cache will use a provider-specific default configuration: make sure you defined one. You can disable this warning by setting 'hibernate.cache.ehcache.missing_cache_strategy' to 'create'.
26-01-15 12:06:04 [Catalina-utility-1] WARN  155ogger -HHH90001006: Missing cache[hibernate.cache.com.entity.Countries] was created on-the-fly. The created cache will use a provider-specific default configuration: make sure you defined one. You can disable this warning by setting 'hibernate.cache.ehcache.missing_cache_strategy' to 'create'.
26-01-15 12:06:04 [Catalina-utility-1] WARN  155ogger -HHH90001006: Missing cache[hibernate.cache.com.entity.Districts] was created on-the-fly. The created cache will use a provider-specific default configuration: make sure you defined one. You can disable this warning by setting 'hibernate.cache.ehcache.missing_cache_strategy' to 'create'.
26-01-15 12:06:04 [Catalina-utility-1] WARN  155ogger -HHH90001006: Missing cache[hibernate.cache.com.entity.LoggedIn] was created on-the-fly. The created cache will use a provider-specific default configuration: make sure you defined one. You can disable this warning by setting 'hibernate.cache.ehcache.missing_cache_strategy' to 'create'.
26-01-15 12:06:04 [Catalina-utility-1] INFO  47ogger -HHH10001501: Connection obtained from JdbcConnectionAccess [org.hibernate.engine.jdbc.env.internal.JdbcEnvironmentInitiator$ConnectionProviderJdbcConnectionAccess@75648175] for (non-JTA) DDL execution was not in auto-commit mode; the Connection 'local transaction' will be committed and the Connection will be set into auto-commit mode.
26-01-15 12:06:05 [Catalina-utility-1] INFO  52ogger -HHH000490: Using JtaPlatform implementation: [org.hibernate.engine.transaction.jta.platform.internal.NoJtaPlatform]
26-01-15 12:06:50 [Catalina-utility-2] INFO  44ogger -HHH000412: Hibernate ORM core version 5.4.33
26-01-15 12:06:51 [Catalina-utility-2] WARN  60ogger -HHH020100: The Ehcache second-level cache provider for Hibernate is deprecated.  See https://hibernate.atlassian.net/browse/HHH-12441 for details.
26-01-15 12:06:51 [Catalina-utility-2] INFO  56ogger -HCANN000001: Hibernate Commons Annotations {5.1.2.Final}
26-01-15 12:06:51 [Catalina-utility-2] WARN  72ogger -HHH10001002: Using Hibernate built-in connection pool (not for production use!)
26-01-15 12:06:51 [Catalina-utility-2] INFO  115ogger -HHH10001005: using driver [com.mysql.cj.jdbc.Driver] at URL [jdbc:mysql://localhost:3306/nadra_system]
26-01-15 12:06:51 [Catalina-utility-2] INFO  124ogger -HHH10001001: Connection properties: {password=****, user=root}
26-01-15 12:06:51 [Catalina-utility-2] INFO  129ogger -HHH10001003: Autocommit mode: false
26-01-15 12:06:51 [Catalina-utility-2] INFO  259ogger -HHH000115: Hibernate connection pool size: 20 (min=1)
26-01-15 12:06:51 [Catalina-utility-2] INFO  175ogger -HHH000400: Using dialect: org.hibernate.dialect.MySQL5Dialect
26-01-15 12:06:51 [Catalina-utility-2] INFO  97ogger -Envers integration enabled? : true
26-01-15 12:06:52 [Catalina-utility-2] WARN  155ogger -HHH90001006: Missing cache[hibernate.cache.default-update-timestamps-region] was created on-the-fly. The created cache will use a provider-specific default configuration: make sure you defined one. You can disable this warning by setting 'hibernate.cache.ehcache.missing_cache_strategy' to 'create'.
26-01-15 12:06:52 [Catalina-utility-2] WARN  155ogger -HHH90001006: Missing cache[hibernate.cache.default-query-results-region] was created on-the-fly. The created cache will use a provider-specific default configuration: make sure you defined one. You can disable this warning by setting 'hibernate.cache.ehcache.missing_cache_strategy' to 'create'.
26-01-15 12:06:52 [Catalina-utility-2] WARN  155ogger -HHH90001006: Missing cache[hibernate.cache.com.entity.LoggedIn] was created on-the-fly. The created cache will use a provider-specific default configuration: make sure you defined one. You can disable this warning by setting 'hibernate.cache.ehcache.missing_cache_strategy' to 'create'.
26-01-15 12:06:52 [Catalina-utility-2] WARN  155ogger -HHH90001006: Missing cache[hibernate.cache.com.entity.Provinces] was created on-the-fly. The created cache will use a provider-specific default configuration: make sure you defined one. You can disable this warning by setting 'hibernate.cache.ehcache.missing_cache_strategy' to 'create'.
26-01-15 12:06:52 [Catalina-utility-2] WARN  155ogger -HHH90001006: Missing cache[hibernate.cache.com.entity.Users] was created on-the-fly. The created cache will use a provider-specific default configuration: make sure you defined one. You can disable this warning by setting 'hibernate.cache.ehcache.missing_cache_strategy' to 'create'.
26-01-15 12:06:52 [Catalina-utility-2] WARN  155ogger -HHH90001006: Missing cache[hibernate.cache.com.entity.Countries] was created on-the-fly. The created cache will use a provider-specific default configuration: make sure you defined one. You can disable this warning by setting 'hibernate.cache.ehcache.missing_cache_strategy' to 'create'.
26-01-15 12:06:52 [Catalina-utility-2] WARN  155ogger -HHH90001006: Missing cache[hibernate.cache.com.entity.Districts] was created on-the-fly. The created cache will use a provider-specific default configuration: make sure you defined one. You can disable this warning by setting 'hibernate.cache.ehcache.missing_cache_strategy' to 'create'.
26-01-15 12:06:53 [Catalina-utility-2] INFO  47ogger -HHH10001501: Connection obtained from JdbcConnectionAccess [org.hibernate.engine.jdbc.env.internal.JdbcEnvironmentInitiator$ConnectionProviderJdbcConnectionAccess@4caf1e14] for (non-JTA) DDL execution was not in auto-commit mode; the Connection 'local transaction' will be committed and the Connection will be set into auto-commit mode.
26-01-15 12:06:53 [Catalina-utility-2] INFO  52ogger -HHH000490: Using JtaPlatform implementation: [org.hibernate.engine.transaction.jta.platform.internal.NoJtaPlatform]
26-01-15 12:08:05 [main] INFO  44ogger -HHH000412: Hibernate ORM core version 5.4.33
26-01-15 12:08:06 [main] WARN  60ogger -HHH020100: The Ehcache second-level cache provider for Hibernate is deprecated.  See https://hibernate.atlassian.net/browse/HHH-12441 for details.
26-01-15 12:08:06 [main] INFO  56ogger -HCANN000001: Hibernate Commons Annotations {5.1.2.Final}
26-01-15 12:08:06 [main] WARN  72ogger -HHH10001002: Using Hibernate built-in connection pool (not for production use!)
26-01-15 12:08:06 [main] INFO  115ogger -HHH10001005: using driver [com.mysql.cj.jdbc.Driver] at URL [jdbc:mysql://localhost:3306/nadra_system]
26-01-15 12:08:06 [main] INFO  124ogger -HHH10001001: Connection properties: {password=****, user=root}
26-01-15 12:08:06 [main] INFO  129ogger -HHH10001003: Autocommit mode: false
26-01-15 12:08:06 [main] INFO  259ogger -HHH000115: Hibernate connection pool size: 20 (min=1)
26-01-15 12:08:06 [main] INFO  175ogger -HHH000400: Using dialect: org.hibernate.dialect.MySQL5Dialect
26-01-15 12:08:07 [main] INFO  97ogger -Envers integration enabled? : true
26-01-15 12:08:08 [main] WARN  155ogger -HHH90001006: Missing cache[hibernate.cache.default-update-timestamps-region] was created on-the-fly. The created cache will use a provider-specific default configuration: make sure you defined one. You can disable this warning by setting 'hibernate.cache.ehcache.missing_cache_strategy' to 'create'.
26-01-15 12:08:08 [main] WARN  155ogger -HHH90001006: Missing cache[hibernate.cache.default-query-results-region] was created on-the-fly. The created cache will use a provider-specific default configuration: make sure you defined one. You can disable this warning by setting 'hibernate.cache.ehcache.missing_cache_strategy' to 'create'.
26-01-15 12:08:08 [main] WARN  155ogger -HHH90001006: Missing cache[hibernate.cache.com.entity.Provinces] was created on-the-fly. The created cache will use a provider-specific default configuration: make sure you defined one. You can disable this warning by setting 'hibernate.cache.ehcache.missing_cache_strategy' to 'create'.
26-01-15 12:08:08 [main] WARN  155ogger -HHH90001006: Missing cache[hibernate.cache.com.entity.Countries] was created on-the-fly. The created cache will use a provider-specific default configuration: make sure you defined one. You can disable this warning by setting 'hibernate.cache.ehcache.missing_cache_strategy' to 'create'.
26-01-15 12:08:08 [main] WARN  155ogger -HHH90001006: Missing cache[hibernate.cache.com.entity.LoggedIn] was created on-the-fly. The created cache will use a provider-specific default configuration: make sure you defined one. You can disable this warning by setting 'hibernate.cache.ehcache.missing_cache_strategy' to 'create'.
26-01-15 12:08:08 [main] WARN  155ogger -HHH90001006: Missing cache[hibernate.cache.com.entity.Users] was created on-the-fly. The created cache will use a provider-specific default configuration: make sure you defined one. You can disable this warning by setting 'hibernate.cache.ehcache.missing_cache_strategy' to 'create'.
26-01-15 12:08:08 [main] WARN  155ogger -HHH90001006: Missing cache[hibernate.cache.com.entity.Districts] was created on-the-fly. The created cache will use a provider-specific default configuration: make sure you defined one. You can disable this warning by setting 'hibernate.cache.ehcache.missing_cache_strategy' to 'create'.
26-01-15 12:08:09 [main] INFO  47ogger -HHH10001501: Connection obtained from JdbcConnectionAccess [org.hibernate.engine.jdbc.env.internal.JdbcEnvironmentInitiator$ConnectionProviderJdbcConnectionAccess@420307f9] for (non-JTA) DDL execution was not in auto-commit mode; the Connection 'local transaction' will be committed and the Connection will be set into auto-commit mode.
26-01-15 12:08:09 [main] INFO  52ogger -HHH000490: Using JtaPlatform implementation: [org.hibernate.engine.transaction.jta.platform.internal.NoJtaPlatform]
26-01-15 12:13:02 [main] INFO  44ogger -HHH000412: Hibernate ORM core version 5.4.33
26-01-15 12:13:03 [main] WARN  60ogger -HHH020100: The Ehcache second-level cache provider for Hibernate is deprecated.  See https://hibernate.atlassian.net/browse/HHH-12441 for details.
26-01-15 12:13:03 [main] INFO  56ogger -HCANN000001: Hibernate Commons Annotations {5.1.2.Final}
26-01-15 12:13:03 [main] WARN  72ogger -HHH10001002: Using Hibernate built-in connection pool (not for production use!)
26-01-15 12:13:03 [main] INFO  115ogger -HHH10001005: using driver [com.mysql.cj.jdbc.Driver] at URL [jdbc:mysql://localhost:3306/nadra_system]
26-01-15 12:13:03 [main] INFO  124ogger -HHH10001001: Connection properties: {password=****, user=root}
26-01-15 12:13:03 [main] INFO  129ogger -HHH10001003: Autocommit mode: false
26-01-15 12:13:03 [main] INFO  259ogger -HHH000115: Hibernate connection pool size: 20 (min=1)
26-01-15 12:13:04 [main] INFO  175ogger -HHH000400: Using dialect: org.hibernate.dialect.MySQL5Dialect
26-01-15 12:13:04 [main] INFO  97ogger -Envers integration enabled? : true
26-01-15 12:13:05 [main] WARN  155ogger -HHH90001006: Missing cache[hibernate.cache.default-update-timestamps-region] was created on-the-fly. The created cache will use a provider-specific default configuration: make sure you defined one. You can disable this warning by setting 'hibernate.cache.ehcache.missing_cache_strategy' to 'create'.
26-01-15 12:13:05 [main] WARN  155ogger -HHH90001006: Missing cache[hibernate.cache.default-query-results-region] was created on-the-fly. The created cache will use a provider-specific default configuration: make sure you defined one. You can disable this warning by setting 'hibernate.cache.ehcache.missing_cache_strategy' to 'create'.
26-01-15 12:13:05 [main] WARN  155ogger -HHH90001006: Missing cache[hibernate.cache.com.entity.Provinces] was created on-the-fly. The created cache will use a provider-specific default configuration: make sure you defined one. You can disable this warning by setting 'hibernate.cache.ehcache.missing_cache_strategy' to 'create'.
26-01-15 12:13:05 [main] WARN  155ogger -HHH90001006: Missing cache[hibernate.cache.com.entity.Countries] was created on-the-fly. The created cache will use a provider-specific default configuration: make sure you defined one. You can disable this warning by setting 'hibernate.cache.ehcache.missing_cache_strategy' to 'create'.
26-01-15 12:13:05 [main] WARN  155ogger -HHH90001006: Missing cache[hibernate.cache.com.entity.LoggedIn] was created on-the-fly. The created cache will use a provider-specific default configuration: make sure you defined one. You can disable this warning by setting 'hibernate.cache.ehcache.missing_cache_strategy' to 'create'.
26-01-15 12:13:05 [main] WARN  155ogger -HHH90001006: Missing cache[hibernate.cache.com.entity.Users] was created on-the-fly. The created cache will use a provider-specific default configuration: make sure you defined one. You can disable this warning by setting 'hibernate.cache.ehcache.missing_cache_strategy' to 'create'.
26-01-15 12:13:05 [main] WARN  155ogger -HHH90001006: Missing cache[hibernate.cache.com.entity.Districts] was created on-the-fly. The created cache will use a provider-specific default configuration: make sure you defined one. You can disable this warning by setting 'hibernate.cache.ehcache.missing_cache_strategy' to 'create'.
26-01-15 12:13:06 [main] INFO  47ogger -HHH10001501: Connection obtained from JdbcConnectionAccess [org.hibernate.engine.jdbc.env.internal.JdbcEnvironmentInitiator$ConnectionProviderJdbcConnectionAccess@420307f9] for (non-JTA) DDL execution was not in auto-commit mode; the Connection 'local transaction' will be committed and the Connection will be set into auto-commit mode.
26-01-15 12:13:06 [main] INFO  52ogger -HHH000490: Using JtaPlatform implementation: [org.hibernate.engine.transaction.jta.platform.internal.NoJtaPlatform]
26-01-15 12:13:20 [http-nio-8080-exec-5] INFO  390ogger -User Login SuccessFully Ali IP Address Is :0:0:0:0:0:0:0:1
26-01-15 12:14:03 [http-nio-8080-exec-3] INFO  436ogger -Login From Another BrowserAli
26-01-15 12:19:34 [Catalina-utility-1] INFO  44ogger -HHH000412: Hibernate ORM core version 5.4.33
26-01-15 12:19:36 [Catalina-utility-1] WARN  60ogger -HHH020100: The Ehcache second-level cache provider for Hibernate is deprecated.  See https://hibernate.atlassian.net/browse/HHH-12441 for details.
26-01-15 12:19:36 [Catalina-utility-1] INFO  56ogger -HCANN000001: Hibernate Commons Annotations {5.1.2.Final}
26-01-15 12:19:36 [Catalina-utility-1] WARN  72ogger -HHH10001002: Using Hibernate built-in connection pool (not for production use!)
26-01-15 12:19:36 [Catalina-utility-1] INFO  115ogger -HHH10001005: using driver [com.mysql.cj.jdbc.Driver] at URL [jdbc:mysql://localhost:3306/nadra_system]
26-01-15 12:19:36 [Catalina-utility-1] INFO  124ogger -HHH10001001: Connection properties: {password=****, user=root}
26-01-15 12:19:36 [Catalina-utility-1] INFO  129ogger -HHH10001003: Autocommit mode: false
26-01-15 12:19:36 [Catalina-utility-1] INFO  259ogger -HHH000115: Hibernate connection pool size: 20 (min=1)
26-01-15 12:19:37 [Catalina-utility-1] INFO  175ogger -HHH000400: Using dialect: org.hibernate.dialect.MySQL5Dialect
26-01-15 12:19:37 [Catalina-utility-1] INFO  97ogger -Envers integration enabled? : true
26-01-15 12:19:39 [Catalina-utility-1] WARN  155ogger -HHH90001006: Missing cache[hibernate.cache.default-update-timestamps-region] was created on-the-fly. The created cache will use a provider-specific default configuration: make sure you defined one. You can disable this warning by setting 'hibernate.cache.ehcache.missing_cache_strategy' to 'create'.
26-01-15 12:19:39 [Catalina-utility-1] WARN  155ogger -HHH90001006: Missing cache[hibernate.cache.default-query-results-region] was created on-the-fly. The created cache will use a provider-specific default configuration: make sure you defined one. You can disable this warning by setting 'hibernate.cache.ehcache.missing_cache_strategy' to 'create'.
26-01-15 12:19:39 [Catalina-utility-1] WARN  155ogger -HHH90001006: Missing cache[hibernate.cache.com.entity.Provinces] was created on-the-fly. The created cache will use a provider-specific default configuration: make sure you defined one. You can disable this warning by setting 'hibernate.cache.ehcache.missing_cache_strategy' to 'create'.
26-01-15 12:19:39 [Catalina-utility-1] WARN  155ogger -HHH90001006: Missing cache[hibernate.cache.com.entity.Countries] was created on-the-fly. The created cache will use a provider-specific default configuration: make sure you defined one. You can disable this warning by setting 'hibernate.cache.ehcache.missing_cache_strategy' to 'create'.
26-01-15 12:19:39 [Catalina-utility-1] WARN  155ogger -HHH90001006: Missing cache[hibernate.cache.com.entity.LoggedIn] was created on-the-fly. The created cache will use a provider-specific default configuration: make sure you defined one. You can disable this warning by setting 'hibernate.cache.ehcache.missing_cache_strategy' to 'create'.
26-01-15 12:19:39 [Catalina-utility-1] WARN  155ogger -HHH90001006: Missing cache[hibernate.cache.com.entity.Users] was created on-the-fly. The created cache will use a provider-specific default configuration: make sure you defined one. You can disable this warning by setting 'hibernate.cache.ehcache.missing_cache_strategy' to 'create'.
26-01-15 12:19:39 [Catalina-utility-1] WARN  155ogger -HHH90001006: Missing cache[hibernate.cache.com.entity.Districts] was created on-the-fly. The created cache will use a provider-specific default configuration: make sure you defined one. You can disable this warning by setting 'hibernate.cache.ehcache.missing_cache_strategy' to 'create'.
26-01-15 12:19:40 [Catalina-utility-1] INFO  47ogger -HHH10001501: Connection obtained from JdbcConnectionAccess [org.hibernate.engine.jdbc.env.internal.JdbcEnvironmentInitiator$ConnectionProviderJdbcConnectionAccess@4be8c42d] for (non-JTA) DDL execution was not in auto-commit mode; the Connection 'local transaction' will be committed and the Connection will be set into auto-commit mode.
26-01-15 12:19:40 [Catalina-utility-1] INFO  52ogger -HHH000490: Using JtaPlatform implementation: [org.hibernate.engine.transaction.jta.platform.internal.NoJtaPlatform]
26-01-15 12:24:37 [Catalina-utility-2] INFO  44ogger -HHH000412: Hibernate ORM core version 5.4.33
26-01-15 12:24:38 [Catalina-utility-2] WARN  60ogger -HHH020100: The Ehcache second-level cache provider for Hibernate is deprecated.  See https://hibernate.atlassian.net/browse/HHH-12441 for details.
26-01-15 12:24:38 [Catalina-utility-2] INFO  56ogger -HCANN000001: Hibernate Commons Annotations {5.1.2.Final}
26-01-15 12:24:38 [Catalina-utility-2] WARN  72ogger -HHH10001002: Using Hibernate built-in connection pool (not for production use!)
26-01-15 12:24:38 [Catalina-utility-2] INFO  115ogger -HHH10001005: using driver [com.mysql.cj.jdbc.Driver] at URL [jdbc:mysql://localhost:3306/nadra_system]
26-01-15 12:24:38 [Catalina-utility-2] INFO  124ogger -HHH10001001: Connection properties: {password=****, user=root}
26-01-15 12:24:38 [Catalina-utility-2] INFO  129ogger -HHH10001003: Autocommit mode: false
26-01-15 12:24:38 [Catalina-utility-2] INFO  259ogger -HHH000115: Hibernate connection pool size: 20 (min=1)
26-01-15 12:24:38 [Catalina-utility-2] INFO  175ogger -HHH000400: Using dialect: org.hibernate.dialect.MySQL5Dialect
26-01-15 12:24:39 [Catalina-utility-2] INFO  97ogger -Envers integration enabled? : true
26-01-15 12:24:40 [Catalina-utility-2] WARN  155ogger -HHH90001006: Missing cache[hibernate.cache.default-update-timestamps-region] was created on-the-fly. The created cache will use a provider-specific default configuration: make sure you defined one. You can disable this warning by setting 'hibernate.cache.ehcache.missing_cache_strategy' to 'create'.
26-01-15 12:24:40 [Catalina-utility-2] WARN  155ogger -HHH90001006: Missing cache[hibernate.cache.default-query-results-region] was created on-the-fly. The created cache will use a provider-specific default configuration: make sure you defined one. You can disable this warning by setting 'hibernate.cache.ehcache.missing_cache_strategy' to 'create'.
26-01-15 12:24:40 [Catalina-utility-2] WARN  155ogger -HHH90001006: Missing cache[hibernate.cache.com.entity.Countries] was created on-the-fly. The created cache will use a provider-specific default configuration: make sure you defined one. You can disable this warning by setting 'hibernate.cache.ehcache.missing_cache_strategy' to 'create'.
26-01-15 12:24:40 [Catalina-utility-2] WARN  155ogger -HHH90001006: Missing cache[hibernate.cache.com.entity.Districts] was created on-the-fly. The created cache will use a provider-specific default configuration: make sure you defined one. You can disable this warning by setting 'hibernate.cache.ehcache.missing_cache_strategy' to 'create'.
26-01-15 12:24:40 [Catalina-utility-2] WARN  155ogger -HHH90001006: Missing cache[hibernate.cache.com.entity.Users] was created on-the-fly. The created cache will use a provider-specific default configuration: make sure you defined one. You can disable this warning by setting 'hibernate.cache.ehcache.missing_cache_strategy' to 'create'.
26-01-15 12:24:40 [Catalina-utility-2] WARN  155ogger -HHH90001006: Missing cache[hibernate.cache.com.entity.LoggedIn] was created on-the-fly. The created cache will use a provider-specific default configuration: make sure you defined one. You can disable this warning by setting 'hibernate.cache.ehcache.missing_cache_strategy' to 'create'.
26-01-15 12:24:40 [Catalina-utility-2] WARN  155ogger -HHH90001006: Missing cache[hibernate.cache.com.entity.Provinces] was created on-the-fly. The created cache will use a provider-specific default configuration: make sure you defined one. You can disable this warning by setting 'hibernate.cache.ehcache.missing_cache_strategy' to 'create'.
26-01-15 12:24:40 [Catalina-utility-2] INFO  47ogger -HHH10001501: Connection obtained from JdbcConnectionAccess [org.hibernate.engine.jdbc.env.internal.JdbcEnvironmentInitiator$ConnectionProviderJdbcConnectionAccess@7f17c7e6] for (non-JTA) DDL execution was not in auto-commit mode; the Connection 'local transaction' will be committed and the Connection will be set into auto-commit mode.
26-01-15 12:24:41 [Catalina-utility-2] INFO  52ogger -HHH000490: Using JtaPlatform implementation: [org.hibernate.engine.transaction.jta.platform.internal.NoJtaPlatform]
26-01-15 12:27:23 [Catalina-utility-2] INFO  44ogger -HHH000412: Hibernate ORM core version 5.4.33
26-01-15 12:27:25 [Catalina-utility-2] WARN  60ogger -HHH020100: The Ehcache second-level cache provider for Hibernate is deprecated.  See https://hibernate.atlassian.net/browse/HHH-12441 for details.
26-01-15 12:27:25 [Catalina-utility-2] INFO  56ogger -HCANN000001: Hibernate Commons Annotations {5.1.2.Final}
26-01-15 12:27:25 [Catalina-utility-2] WARN  72ogger -HHH10001002: Using Hibernate built-in connection pool (not for production use!)
26-01-15 12:27:25 [Catalina-utility-2] INFO  115ogger -HHH10001005: using driver [com.mysql.cj.jdbc.Driver] at URL [jdbc:mysql://localhost:3306/nadra_system]
26-01-15 12:27:25 [Catalina-utility-2] INFO  124ogger -HHH10001001: Connection properties: {password=****, user=root}
26-01-15 12:27:25 [Catalina-utility-2] INFO  129ogger -HHH10001003: Autocommit mode: false
26-01-15 12:27:25 [Catalina-utility-2] INFO  259ogger -HHH000115: Hibernate connection pool size: 20 (min=1)
26-01-15 12:27:26 [Catalina-utility-2] INFO  175ogger -HHH000400: Using dialect: org.hibernate.dialect.MySQL5Dialect
26-01-15 12:27:26 [Catalina-utility-2] INFO  97ogger -Envers integration enabled? : true
26-01-15 12:27:28 [Catalina-utility-2] WARN  155ogger -HHH90001006: Missing cache[hibernate.cache.default-update-timestamps-region] was created on-the-fly. The created cache will use a provider-specific default configuration: make sure you defined one. You can disable this warning by setting 'hibernate.cache.ehcache.missing_cache_strategy' to 'create'.
26-01-15 12:27:29 [Catalina-utility-2] WARN  155ogger -HHH90001006: Missing cache[hibernate.cache.default-query-results-region] was created on-the-fly. The created cache will use a provider-specific default configuration: make sure you defined one. You can disable this warning by setting 'hibernate.cache.ehcache.missing_cache_strategy' to 'create'.
26-01-15 12:27:29 [Catalina-utility-2] WARN  155ogger -HHH90001006: Missing cache[hibernate.cache.com.entity.Users] was created on-the-fly. The created cache will use a provider-specific default configuration: make sure you defined one. You can disable this warning by setting 'hibernate.cache.ehcache.missing_cache_strategy' to 'create'.
26-01-15 12:27:29 [Catalina-utility-2] WARN  155ogger -HHH90001006: Missing cache[hibernate.cache.com.entity.Provinces] was created on-the-fly. The created cache will use a provider-specific default configuration: make sure you defined one. You can disable this warning by setting 'hibernate.cache.ehcache.missing_cache_strategy' to 'create'.
26-01-15 12:27:29 [Catalina-utility-2] WARN  155ogger -HHH90001006: Missing cache[hibernate.cache.com.entity.Countries] was created on-the-fly. The created cache will use a provider-specific default configuration: make sure you defined one. You can disable this warning by setting 'hibernate.cache.ehcache.missing_cache_strategy' to 'create'.
26-01-15 12:27:29 [Catalina-utility-2] WARN  155ogger -HHH90001006: Missing cache[hibernate.cache.com.entity.LoggedIn] was created on-the-fly. The created cache will use a provider-specific default configuration: make sure you defined one. You can disable this warning by setting 'hibernate.cache.ehcache.missing_cache_strategy' to 'create'.
26-01-15 12:27:29 [Catalina-utility-2] WARN  155ogger -HHH90001006: Missing cache[hibernate.cache.com.entity.Districts] was created on-the-fly. The created cache will use a provider-specific default configuration: make sure you defined one. You can disable this warning by setting 'hibernate.cache.ehcache.missing_cache_strategy' to 'create'.
26-01-15 12:27:30 [Catalina-utility-2] INFO  47ogger -HHH10001501: Connection obtained from JdbcConnectionAccess [org.hibernate.engine.jdbc.env.internal.JdbcEnvironmentInitiator$ConnectionProviderJdbcConnectionAccess@603f25b3] for (non-JTA) DDL execution was not in auto-commit mode; the Connection 'local transaction' will be committed and the Connection will be set into auto-commit mode.
26-01-15 12:27:31 [Catalina-utility-2] INFO  52ogger -HHH000490: Using JtaPlatform implementation: [org.hibernate.engine.transaction.jta.platform.internal.NoJtaPlatform]
26-01-15 12:27:38 [http-nio-8080-exec-12] INFO  390ogger -User Login SuccessFully Ali IP Address Is :0:0:0:0:0:0:0:1
26-01-15 12:27:59 [http-nio-8080-exec-16] INFO  436ogger -Login From Another BrowserAli
26-01-15 12:28:27 [http-nio-8080-exec-27] INFO  436ogger -Login From Another BrowserAli
26-01-15 12:28:42 [main] INFO  44ogger -HHH000412: Hibernate ORM core version 5.4.33
26-01-15 12:28:43 [main] WARN  60ogger -HHH020100: The Ehcache second-level cache provider for Hibernate is deprecated.  See https://hibernate.atlassian.net/browse/HHH-12441 for details.
26-01-15 12:28:43 [main] INFO  56ogger -HCANN000001: Hibernate Commons Annotations {5.1.2.Final}
26-01-15 12:28:44 [main] WARN  72ogger -HHH10001002: Using Hibernate built-in connection pool (not for production use!)
26-01-15 12:28:44 [main] INFO  115ogger -HHH10001005: using driver [com.mysql.cj.jdbc.Driver] at URL [jdbc:mysql://localhost:3306/nadra_system]
26-01-15 12:28:44 [main] INFO  124ogger -HHH10001001: Connection properties: {password=****, user=root}
26-01-15 12:28:44 [main] INFO  129ogger -HHH10001003: Autocommit mode: false
26-01-15 12:28:44 [main] INFO  259ogger -HHH000115: Hibernate connection pool size: 20 (min=1)
26-01-15 12:28:44 [main] INFO  175ogger -HHH000400: Using dialect: org.hibernate.dialect.MySQL5Dialect
26-01-15 12:28:44 [main] INFO  97ogger -Envers integration enabled? : true
26-01-15 12:28:45 [main] WARN  155ogger -HHH90001006: Missing cache[hibernate.cache.default-update-timestamps-region] was created on-the-fly. The created cache will use a provider-specific default configuration: make sure you defined one. You can disable this warning by setting 'hibernate.cache.ehcache.missing_cache_strategy' to 'create'.
26-01-15 12:28:45 [main] WARN  155ogger -HHH90001006: Missing cache[hibernate.cache.default-query-results-region] was created on-the-fly. The created cache will use a provider-specific default configuration: make sure you defined one. You can disable this warning by setting 'hibernate.cache.ehcache.missing_cache_strategy' to 'create'.
26-01-15 12:28:45 [main] WARN  155ogger -HHH90001006: Missing cache[hibernate.cache.com.entity.Provinces] was created on-the-fly. The created cache will use a provider-specific default configuration: make sure you defined one. You can disable this warning by setting 'hibernate.cache.ehcache.missing_cache_strategy' to 'create'.
26-01-15 12:28:45 [main] WARN  155ogger -HHH90001006: Missing cache[hibernate.cache.com.entity.Countries] was created on-the-fly. The created cache will use a provider-specific default configuration: make sure you defined one. You can disable this warning by setting 'hibernate.cache.ehcache.missing_cache_strategy' to 'create'.
26-01-15 12:28:45 [main] WARN  155ogger -HHH90001006: Missing cache[hibernate.cache.com.entity.LoggedIn] was created on-the-fly. The created cache will use a provider-specific default configuration: make sure you defined one. You can disable this warning by setting 'hibernate.cache.ehcache.missing_cache_strategy' to 'create'.
26-01-15 12:28:45 [main] WARN  155ogger -HHH90001006: Missing cache[hibernate.cache.com.entity.Users] was created on-the-fly. The created cache will use a provider-specific default configuration: make sure you defined one. You can disable this warning by setting 'hibernate.cache.ehcache.missing_cache_strategy' to 'create'.
26-01-15 12:28:46 [main] WARN  155ogger -HHH90001006: Missing cache[hibernate.cache.com.entity.Districts] was created on-the-fly. The created cache will use a provider-specific default configuration: make sure you defined one. You can disable this warning by setting 'hibernate.cache.ehcache.missing_cache_strategy' to 'create'.
26-01-15 12:28:46 [main] INFO  47ogger -HHH10001501: Connection obtained from JdbcConnectionAccess [org.hibernate.engine.jdbc.env.internal.JdbcEnvironmentInitiator$ConnectionProviderJdbcConnectionAccess@420307f9] for (non-JTA) DDL execution was not in auto-commit mode; the Connection 'local transaction' will be committed and the Connection will be set into auto-commit mode.
26-01-15 12:28:47 [main] INFO  52ogger -HHH000490: Using JtaPlatform implementation: [org.hibernate.engine.transaction.jta.platform.internal.NoJtaPlatform]
26-01-15 12:29:01 [http-nio-8080-exec-5] INFO  390ogger -User Login SuccessFully Ali IP Address Is :0:0:0:0:0:0:0:1
26-01-15 12:39:57 [main] INFO  44ogger -HHH000412: Hibernate ORM core version 5.4.33
26-01-15 12:39:59 [main] WARN  60ogger -HHH020100: The Ehcache second-level cache provider for Hibernate is deprecated.  See https://hibernate.atlassian.net/browse/HHH-12441 for details.
26-01-15 12:39:59 [main] INFO  56ogger -HCANN000001: Hibernate Commons Annotations {5.1.2.Final}
26-01-15 12:39:59 [main] WARN  72ogger -HHH10001002: Using Hibernate built-in connection pool (not for production use!)
26-01-15 12:39:59 [main] INFO  115ogger -HHH10001005: using driver [com.mysql.cj.jdbc.Driver] at URL [jdbc:mysql://localhost:3306/nadra_system]
26-01-15 12:39:59 [main] INFO  124ogger -HHH10001001: Connection properties: {password=****, user=root}
26-01-15 12:39:59 [main] INFO  129ogger -HHH10001003: Autocommit mode: false
26-01-15 12:39:59 [main] INFO  259ogger -HHH000115: Hibernate connection pool size: 20 (min=1)
26-01-15 12:40:00 [main] INFO  175ogger -HHH000400: Using dialect: org.hibernate.dialect.MySQL5Dialect
26-01-15 12:40:00 [main] INFO  97ogger -Envers integration enabled? : true
26-01-15 12:40:02 [main] WARN  155ogger -HHH90001006: Missing cache[hibernate.cache.default-update-timestamps-region] was created on-the-fly. The created cache will use a provider-specific default configuration: make sure you defined one. You can disable this warning by setting 'hibernate.cache.ehcache.missing_cache_strategy' to 'create'.
26-01-15 12:40:02 [main] WARN  155ogger -HHH90001006: Missing cache[hibernate.cache.default-query-results-region] was created on-the-fly. The created cache will use a provider-specific default configuration: make sure you defined one. You can disable this warning by setting 'hibernate.cache.ehcache.missing_cache_strategy' to 'create'.
26-01-15 12:40:02 [main] WARN  155ogger -HHH90001006: Missing cache[hibernate.cache.com.entity.Districts] was created on-the-fly. The created cache will use a provider-specific default configuration: make sure you defined one. You can disable this warning by setting 'hibernate.cache.ehcache.missing_cache_strategy' to 'create'.
26-01-15 12:40:02 [main] WARN  155ogger -HHH90001006: Missing cache[hibernate.cache.com.entity.Countries] was created on-the-fly. The created cache will use a provider-specific default configuration: make sure you defined one. You can disable this warning by setting 'hibernate.cache.ehcache.missing_cache_strategy' to 'create'.
26-01-15 12:40:02 [main] WARN  155ogger -HHH90001006: Missing cache[hibernate.cache.com.entity.LoggedIn] was created on-the-fly. The created cache will use a provider-specific default configuration: make sure you defined one. You can disable this warning by setting 'hibernate.cache.ehcache.missing_cache_strategy' to 'create'.
26-01-15 12:40:02 [main] WARN  155ogger -HHH90001006: Missing cache[hibernate.cache.com.entity.Users] was created on-the-fly. The created cache will use a provider-specific default configuration: make sure you defined one. You can disable this warning by setting 'hibernate.cache.ehcache.missing_cache_strategy' to 'create'.
26-01-15 12:40:02 [main] WARN  155ogger -HHH90001006: Missing cache[hibernate.cache.com.entity.Provinces] was created on-the-fly. The created cache will use a provider-specific default configuration: make sure you defined one. You can disable this warning by setting 'hibernate.cache.ehcache.missing_cache_strategy' to 'create'.
26-01-15 12:40:03 [main] INFO  47ogger -HHH10001501: Connection obtained from JdbcConnectionAccess [org.hibernate.engine.jdbc.env.internal.JdbcEnvironmentInitiator$ConnectionProviderJdbcConnectionAccess@7e822c11] for (non-JTA) DDL execution was not in auto-commit mode; the Connection 'local transaction' will be committed and the Connection will be set into auto-commit mode.
26-01-15 12:40:03 [main] INFO  52ogger -HHH000490: Using JtaPlatform implementation: [org.hibernate.engine.transaction.jta.platform.internal.NoJtaPlatform]
26-01-15 12:40:11 [http-nio-8080-exec-4] INFO  390ogger -User Login SuccessFully Ali IP Address Is :0:0:0:0:0:0:0:1
26-01-15 12:46:06 [Catalina-utility-2] INFO  44ogger -HHH000412: Hibernate ORM core version 5.4.33
26-01-15 12:46:07 [Catalina-utility-2] WARN  60ogger -HHH020100: The Ehcache second-level cache provider for Hibernate is deprecated.  See https://hibernate.atlassian.net/browse/HHH-12441 for details.
26-01-15 12:46:07 [Catalina-utility-2] INFO  56ogger -HCANN000001: Hibernate Commons Annotations {5.1.2.Final}
26-01-15 12:46:07 [Catalina-utility-2] WARN  72ogger -HHH10001002: Using Hibernate built-in connection pool (not for production use!)
26-01-15 12:46:07 [Catalina-utility-2] INFO  115ogger -HHH10001005: using driver [com.mysql.cj.jdbc.Driver] at URL [jdbc:mysql://localhost:3306/nadra_system]
26-01-15 12:46:07 [Catalina-utility-2] INFO  124ogger -HHH10001001: Connection properties: {password=****, user=root}
26-01-15 12:46:07 [Catalina-utility-2] INFO  129ogger -HHH10001003: Autocommit mode: false
26-01-15 12:46:07 [Catalina-utility-2] INFO  259ogger -HHH000115: Hibernate connection pool size: 20 (min=1)
26-01-15 12:46:08 [Catalina-utility-2] INFO  175ogger -HHH000400: Using dialect: org.hibernate.dialect.MySQL5Dialect
26-01-15 12:46:08 [Catalina-utility-2] INFO  97ogger -Envers integration enabled? : true
26-01-15 12:46:10 [Catalina-utility-2] WARN  155ogger -HHH90001006: Missing cache[hibernate.cache.default-update-timestamps-region] was created on-the-fly. The created cache will use a provider-specific default configuration: make sure you defined one. You can disable this warning by setting 'hibernate.cache.ehcache.missing_cache_strategy' to 'create'.
26-01-15 12:46:10 [Catalina-utility-2] WARN  155ogger -HHH90001006: Missing cache[hibernate.cache.default-query-results-region] was created on-the-fly. The created cache will use a provider-specific default configuration: make sure you defined one. You can disable this warning by setting 'hibernate.cache.ehcache.missing_cache_strategy' to 'create'.
26-01-15 12:46:10 [Catalina-utility-2] WARN  155ogger -HHH90001006: Missing cache[hibernate.cache.com.entity.Provinces] was created on-the-fly. The created cache will use a provider-specific default configuration: make sure you defined one. You can disable this warning by setting 'hibernate.cache.ehcache.missing_cache_strategy' to 'create'.
26-01-15 12:46:10 [Catalina-utility-2] WARN  155ogger -HHH90001006: Missing cache[hibernate.cache.com.entity.LoggedIn] was created on-the-fly. The created cache will use a provider-specific default configuration: make sure you defined one. You can disable this warning by setting 'hibernate.cache.ehcache.missing_cache_strategy' to 'create'.
26-01-15 12:46:10 [Catalina-utility-2] WARN  155ogger -HHH90001006: Missing cache[hibernate.cache.com.entity.Users] was created on-the-fly. The created cache will use a provider-specific default configuration: make sure you defined one. You can disable this warning by setting 'hibernate.cache.ehcache.missing_cache_strategy' to 'create'.
26-01-15 12:46:10 [Catalina-utility-2] WARN  155ogger -HHH90001006: Missing cache[hibernate.cache.com.entity.Countries] was created on-the-fly. The created cache will use a provider-specific default configuration: make sure you defined one. You can disable this warning by setting 'hibernate.cache.ehcache.missing_cache_strategy' to 'create'.
26-01-15 12:46:10 [Catalina-utility-2] WARN  155ogger -HHH90001006: Missing cache[hibernate.cache.com.entity.Districts] was created on-the-fly. The created cache will use a provider-specific default configuration: make sure you defined one. You can disable this warning by setting 'hibernate.cache.ehcache.missing_cache_strategy' to 'create'.
26-01-15 12:46:11 [Catalina-utility-2] INFO  47ogger -HHH10001501: Connection obtained from JdbcConnectionAccess [org.hibernate.engine.jdbc.env.internal.JdbcEnvironmentInitiator$ConnectionProviderJdbcConnectionAccess@5f362e26] for (non-JTA) DDL execution was not in auto-commit mode; the Connection 'local transaction' will be committed and the Connection will be set into auto-commit mode.
26-01-15 12:46:12 [Catalina-utility-2] INFO  52ogger -HHH000490: Using JtaPlatform implementation: [org.hibernate.engine.transaction.jta.platform.internal.NoJtaPlatform]
26-01-15 12:46:38 [Catalina-utility-2] INFO  44ogger -HHH000412: Hibernate ORM core version 5.4.33
26-01-15 12:46:39 [Catalina-utility-2] WARN  60ogger -HHH020100: The Ehcache second-level cache provider for Hibernate is deprecated.  See https://hibernate.atlassian.net/browse/HHH-12441 for details.
26-01-15 12:46:39 [Catalina-utility-2] INFO  56ogger -HCANN000001: Hibernate Commons Annotations {5.1.2.Final}
26-01-15 12:46:39 [Catalina-utility-2] WARN  72ogger -HHH10001002: Using Hibernate built-in connection pool (not for production use!)
26-01-15 12:46:39 [Catalina-utility-2] INFO  115ogger -HHH10001005: using driver [com.mysql.cj.jdbc.Driver] at URL [jdbc:mysql://localhost:3306/nadra_system]
26-01-15 12:46:39 [Catalina-utility-2] INFO  124ogger -HHH10001001: Connection properties: {password=****, user=root}
26-01-15 12:46:39 [Catalina-utility-2] INFO  129ogger -HHH10001003: Autocommit mode: false
26-01-15 12:46:39 [Catalina-utility-2] INFO  259ogger -HHH000115: Hibernate connection pool size: 20 (min=1)
26-01-15 12:46:39 [Catalina-utility-2] INFO  175ogger -HHH000400: Using dialect: org.hibernate.dialect.MySQL5Dialect
26-01-15 12:46:40 [Catalina-utility-2] INFO  97ogger -Envers integration enabled? : true
26-01-15 12:46:41 [Catalina-utility-2] WARN  155ogger -HHH90001006: Missing cache[hibernate.cache.default-update-timestamps-region] was created on-the-fly. The created cache will use a provider-specific default configuration: make sure you defined one. You can disable this warning by setting 'hibernate.cache.ehcache.missing_cache_strategy' to 'create'.
26-01-15 12:46:41 [Catalina-utility-2] WARN  155ogger -HHH90001006: Missing cache[hibernate.cache.default-query-results-region] was created on-the-fly. The created cache will use a provider-specific default configuration: make sure you defined one. You can disable this warning by setting 'hibernate.cache.ehcache.missing_cache_strategy' to 'create'.
26-01-15 12:46:41 [Catalina-utility-2] WARN  155ogger -HHH90001006: Missing cache[hibernate.cache.com.entity.Districts] was created on-the-fly. The created cache will use a provider-specific default configuration: make sure you defined one. You can disable this warning by setting 'hibernate.cache.ehcache.missing_cache_strategy' to 'create'.
26-01-15 12:46:41 [Catalina-utility-2] WARN  155ogger -HHH90001006: Missing cache[hibernate.cache.com.entity.Users] was created on-the-fly. The created cache will use a provider-specific default configuration: make sure you defined one. You can disable this warning by setting 'hibernate.cache.ehcache.missing_cache_strategy' to 'create'.
26-01-15 12:46:41 [Catalina-utility-2] WARN  155ogger -HHH90001006: Missing cache[hibernate.cache.com.entity.Provinces] was created on-the-fly. The created cache will use a provider-specific default configuration: make sure you defined one. You can disable this warning by setting 'hibernate.cache.ehcache.missing_cache_strategy' to 'create'.
26-01-15 12:46:41 [Catalina-utility-2] WARN  155ogger -HHH90001006: Missing cache[hibernate.cache.com.entity.Countries] was created on-the-fly. The created cache will use a provider-specific default configuration: make sure you defined one. You can disable this warning by setting 'hibernate.cache.ehcache.missing_cache_strategy' to 'create'.
26-01-15 12:46:41 [Catalina-utility-2] WARN  155ogger -HHH90001006: Missing cache[hibernate.cache.com.entity.LoggedIn] was created on-the-fly. The created cache will use a provider-specific default configuration: make sure you defined one. You can disable this warning by setting 'hibernate.cache.ehcache.missing_cache_strategy' to 'create'.
26-01-15 12:46:41 [Catalina-utility-2] INFO  47ogger -HHH10001501: Connection obtained from JdbcConnectionAccess [org.hibernate.engine.jdbc.env.internal.JdbcEnvironmentInitiator$ConnectionProviderJdbcConnectionAccess@165cfd39] for (non-JTA) DDL execution was not in auto-commit mode; the Connection 'local transaction' will be committed and the Connection will be set into auto-commit mode.
26-01-15 12:46:42 [Catalina-utility-2] INFO  52ogger -HHH000490: Using JtaPlatform implementation: [org.hibernate.engine.transaction.jta.platform.internal.NoJtaPlatform]
26-01-15 12:47:08 [http-nio-8080-exec-2] INFO  377ogger -User Login SuccessFully Ali IP Address Is :0:0:0:0:0:0:0:1
26-01-15 13:07:56 [main] INFO  44ogger -HHH000412: Hibernate ORM core version 5.4.33
26-01-15 13:07:57 [main] WARN  60ogger -HHH020100: The Ehcache second-level cache provider for Hibernate is deprecated.  See https://hibernate.atlassian.net/browse/HHH-12441 for details.
26-01-15 13:07:57 [main] INFO  56ogger -HCANN000001: Hibernate Commons Annotations {5.1.2.Final}
26-01-15 13:07:58 [main] WARN  72ogger -HHH10001002: Using Hibernate built-in connection pool (not for production use!)
26-01-15 13:07:58 [main] INFO  115ogger -HHH10001005: using driver [com.mysql.cj.jdbc.Driver] at URL [jdbc:mysql://localhost:3306/nadra_system]
26-01-15 13:07:58 [main] INFO  124ogger -HHH10001001: Connection properties: {password=****, user=root}
26-01-15 13:07:58 [main] INFO  129ogger -HHH10001003: Autocommit mode: false
26-01-15 13:07:58 [main] INFO  259ogger -HHH000115: Hibernate connection pool size: 20 (min=1)
26-01-15 13:07:58 [main] INFO  175ogger -HHH000400: Using dialect: org.hibernate.dialect.MySQL5Dialect
26-01-15 13:07:58 [main] INFO  97ogger -Envers integration enabled? : true
26-01-15 13:08:00 [main] WARN  155ogger -HHH90001006: Missing cache[hibernate.cache.default-update-timestamps-region] was created on-the-fly. The created cache will use a provider-specific default configuration: make sure you defined one. You can disable this warning by setting 'hibernate.cache.ehcache.missing_cache_strategy' to 'create'.
26-01-15 13:08:00 [main] WARN  155ogger -HHH90001006: Missing cache[hibernate.cache.default-query-results-region] was created on-the-fly. The created cache will use a provider-specific default configuration: make sure you defined one. You can disable this warning by setting 'hibernate.cache.ehcache.missing_cache_strategy' to 'create'.
26-01-15 13:08:00 [main] WARN  155ogger -HHH90001006: Missing cache[hibernate.cache.com.entity.Districts] was created on-the-fly. The created cache will use a provider-specific default configuration: make sure you defined one. You can disable this warning by setting 'hibernate.cache.ehcache.missing_cache_strategy' to 'create'.
26-01-15 13:08:00 [main] WARN  155ogger -HHH90001006: Missing cache[hibernate.cache.com.entity.Countries] was created on-the-fly. The created cache will use a provider-specific default configuration: make sure you defined one. You can disable this warning by setting 'hibernate.cache.ehcache.missing_cache_strategy' to 'create'.
26-01-15 13:08:00 [main] WARN  155ogger -HHH90001006: Missing cache[hibernate.cache.com.entity.LoggedIn] was created on-the-fly. The created cache will use a provider-specific default configuration: make sure you defined one. You can disable this warning by setting 'hibernate.cache.ehcache.missing_cache_strategy' to 'create'.
26-01-15 13:08:00 [main] WARN  155ogger -HHH90001006: Missing cache[hibernate.cache.com.entity.Users] was created on-the-fly. The created cache will use a provider-specific default configuration: make sure you defined one. You can disable this warning by setting 'hibernate.cache.ehcache.missing_cache_strategy' to 'create'.
26-01-15 13:08:00 [main] WARN  155ogger -HHH90001006: Missing cache[hibernate.cache.com.entity.Provinces] was created on-the-fly. The created cache will use a provider-specific default configuration: make sure you defined one. You can disable this warning by setting 'hibernate.cache.ehcache.missing_cache_strategy' to 'create'.
26-01-15 13:08:01 [main] INFO  47ogger -HHH10001501: Connection obtained from JdbcConnectionAccess [org.hibernate.engine.jdbc.env.internal.JdbcEnvironmentInitiator$ConnectionProviderJdbcConnectionAccess@7e822c11] for (non-JTA) DDL execution was not in auto-commit mode; the Connection 'local transaction' will be committed and the Connection will be set into auto-commit mode.
26-01-15 13:08:01 [main] INFO  52ogger -HHH000490: Using JtaPlatform implementation: [org.hibernate.engine.transaction.jta.platform.internal.NoJtaPlatform]
26-01-15 13:08:08 [http-nio-8080-exec-3] INFO  377ogger -User Login SuccessFully Ali IP Address Is :0:0:0:0:0:0:0:1
26-01-15 13:15:52 [http-nio-8080-exec-1] INFO  445ogger -Logout SuccessFullAli
26-01-15 13:21:29 [http-nio-8080-exec-9] INFO  377ogger -User Login SuccessFully Ali IP Address Is :0:0:0:0:0:0:0:1
26-01-15 13:23:11 [http-nio-8080-exec-2] INFO  422ogger -Login From Another BrowserAli
26-01-15 13:59:50 [http-nio-8080-exec-10] INFO  422ogger -Login From Another BrowserAli
26-01-15 14:08:42 [main] INFO  44ogger -HHH000412: Hibernate ORM core version 5.4.33
26-01-15 14:08:44 [main] WARN  60ogger -HHH020100: The Ehcache second-level cache provider for Hibernate is deprecated.  See https://hibernate.atlassian.net/browse/HHH-12441 for details.
26-01-15 14:08:44 [main] INFO  56ogger -HCANN000001: Hibernate Commons Annotations {5.1.2.Final}
26-01-15 14:08:45 [main] WARN  72ogger -HHH10001002: Using Hibernate built-in connection pool (not for production use!)
26-01-15 14:08:45 [main] INFO  115ogger -HHH10001005: using driver [com.mysql.cj.jdbc.Driver] at URL [jdbc:mysql://localhost:3306/nadra_system]
26-01-15 14:08:45 [main] INFO  124ogger -HHH10001001: Connection properties: {password=****, user=root}
26-01-15 14:08:45 [main] INFO  129ogger -HHH10001003: Autocommit mode: false
26-01-15 14:08:45 [main] INFO  259ogger -HHH000115: Hibernate connection pool size: 20 (min=1)
26-01-15 14:08:45 [main] INFO  175ogger -HHH000400: Using dialect: org.hibernate.dialect.MySQL5Dialect
26-01-15 14:08:46 [main] INFO  97ogger -Envers integration enabled? : true
26-01-15 14:08:48 [main] WARN  155ogger -HHH90001006: Missing cache[hibernate.cache.default-update-timestamps-region] was created on-the-fly. The created cache will use a provider-specific default configuration: make sure you defined one. You can disable this warning by setting 'hibernate.cache.ehcache.missing_cache_strategy' to 'create'.
26-01-15 14:08:48 [main] WARN  155ogger -HHH90001006: Missing cache[hibernate.cache.default-query-results-region] was created on-the-fly. The created cache will use a provider-specific default configuration: make sure you defined one. You can disable this warning by setting 'hibernate.cache.ehcache.missing_cache_strategy' to 'create'.
26-01-15 14:08:49 [main] WARN  155ogger -HHH90001006: Missing cache[hibernate.cache.com.entity.Districts] was created on-the-fly. The created cache will use a provider-specific default configuration: make sure you defined one. You can disable this warning by setting 'hibernate.cache.ehcache.missing_cache_strategy' to 'create'.
26-01-15 14:08:49 [main] WARN  155ogger -HHH90001006: Missing cache[hibernate.cache.com.entity.Countries] was created on-the-fly. The created cache will use a provider-specific default configuration: make sure you defined one. You can disable this warning by setting 'hibernate.cache.ehcache.missing_cache_strategy' to 'create'.
26-01-15 14:08:49 [main] WARN  155ogger -HHH90001006: Missing cache[hibernate.cache.com.entity.LoggedIn] was created on-the-fly. The created cache will use a provider-specific default configuration: make sure you defined one. You can disable this warning by setting 'hibernate.cache.ehcache.missing_cache_strategy' to 'create'.
26-01-15 14:08:49 [main] WARN  155ogger -HHH90001006: Missing cache[hibernate.cache.com.entity.Users] was created on-the-fly. The created cache will use a provider-specific default configuration: make sure you defined one. You can disable this warning by setting 'hibernate.cache.ehcache.missing_cache_strategy' to 'create'.
26-01-15 14:08:49 [main] WARN  155ogger -HHH90001006: Missing cache[hibernate.cache.com.entity.Provinces] was created on-the-fly. The created cache will use a provider-specific default configuration: make sure you defined one. You can disable this warning by setting 'hibernate.cache.ehcache.missing_cache_strategy' to 'create'.
26-01-15 14:08:50 [main] INFO  47ogger -HHH10001501: Connection obtained from JdbcConnectionAccess [org.hibernate.engine.jdbc.env.internal.JdbcEnvironmentInitiator$ConnectionProviderJdbcConnectionAccess@7e822c11] for (non-JTA) DDL execution was not in auto-commit mode; the Connection 'local transaction' will be committed and the Connection will be set into auto-commit mode.
26-01-15 14:08:51 [main] INFO  52ogger -HHH000490: Using JtaPlatform implementation: [org.hibernate.engine.transaction.jta.platform.internal.NoJtaPlatform]
26-01-15 14:09:08 [http-nio-8080-exec-5] INFO  377ogger -User Login SuccessFully Ali IP Address Is :0:0:0:0:0:0:0:1
26-01-15 14:20:55 [http-nio-8080-exec-2] INFO  422ogger -Login From Another BrowserAli
26-01-15 14:21:01 [http-nio-8080-exec-3] INFO  446ogger -Logout SuccessFullAli
26-01-15 14:21:06 [http-nio-8080-exec-8] INFO  377ogger -User Login SuccessFully Ali IP Address Is :0:0:0:0:0:0:0:1
26-01-15 14:26:05 [main] INFO  44ogger -HHH000412: Hibernate ORM core version 5.4.33
26-01-15 14:26:06 [main] WARN  60ogger -HHH020100: The Ehcache second-level cache provider for Hibernate is deprecated.  See https://hibernate.atlassian.net/browse/HHH-12441 for details.
26-01-15 14:26:06 [main] INFO  56ogger -HCANN000001: Hibernate Commons Annotations {5.1.2.Final}
26-01-15 14:26:06 [main] WARN  72ogger -HHH10001002: Using Hibernate built-in connection pool (not for production use!)
26-01-15 14:26:06 [main] INFO  115ogger -HHH10001005: using driver [com.mysql.cj.jdbc.Driver] at URL [jdbc:mysql://localhost:3306/nadra_system]
26-01-15 14:26:06 [main] INFO  124ogger -HHH10001001: Connection properties: {password=****, user=root}
26-01-15 14:26:06 [main] INFO  129ogger -HHH10001003: Autocommit mode: false
26-01-15 14:26:06 [main] INFO  259ogger -HHH000115: Hibernate connection pool size: 20 (min=1)
26-01-15 14:26:06 [main] INFO  175ogger -HHH000400: Using dialect: org.hibernate.dialect.MySQL5Dialect
26-01-15 14:26:07 [main] INFO  97ogger -Envers integration enabled? : true
26-01-15 14:26:07 [main] WARN  155ogger -HHH90001006: Missing cache[hibernate.cache.default-update-timestamps-region] was created on-the-fly. The created cache will use a provider-specific default configuration: make sure you defined one. You can disable this warning by setting 'hibernate.cache.ehcache.missing_cache_strategy' to 'create'.
26-01-15 14:26:07 [main] WARN  155ogger -HHH90001006: Missing cache[hibernate.cache.default-query-results-region] was created on-the-fly. The created cache will use a provider-specific default configuration: make sure you defined one. You can disable this warning by setting 'hibernate.cache.ehcache.missing_cache_strategy' to 'create'.
26-01-15 14:26:08 [main] WARN  155ogger -HHH90001006: Missing cache[hibernate.cache.com.entity.LoggedIn] was created on-the-fly. The created cache will use a provider-specific default configuration: make sure you defined one. You can disable this warning by setting 'hibernate.cache.ehcache.missing_cache_strategy' to 'create'.
26-01-15 14:26:08 [main] WARN  155ogger -HHH90001006: Missing cache[hibernate.cache.com.entity.Users] was created on-the-fly. The created cache will use a provider-specific default configuration: make sure you defined one. You can disable this warning by setting 'hibernate.cache.ehcache.missing_cache_strategy' to 'create'.
26-01-15 14:26:08 [main] WARN  155ogger -HHH90001006: Missing cache[hibernate.cache.com.entity.Districts] was created on-the-fly. The created cache will use a provider-specific default configuration: make sure you defined one. You can disable this warning by setting 'hibernate.cache.ehcache.missing_cache_strategy' to 'create'.
26-01-15 14:26:08 [main] WARN  155ogger -HHH90001006: Missing cache[hibernate.cache.com.entity.Provinces] was created on-the-fly. The created cache will use a provider-specific default configuration: make sure you defined one. You can disable this warning by setting 'hibernate.cache.ehcache.missing_cache_strategy' to 'create'.
26-01-15 14:26:08 [main] WARN  155ogger -HHH90001006: Missing cache[hibernate.cache.com.entity.Countries] was created on-the-fly. The created cache will use a provider-specific default configuration: make sure you defined one. You can disable this warning by setting 'hibernate.cache.ehcache.missing_cache_strategy' to 'create'.
26-01-15 14:26:08 [main] INFO  47ogger -HHH10001501: Connection obtained from JdbcConnectionAccess [org.hibernate.engine.jdbc.env.internal.JdbcEnvironmentInitiator$ConnectionProviderJdbcConnectionAccess@3e711e84] for (non-JTA) DDL execution was not in auto-commit mode; the Connection 'local transaction' will be committed and the Connection will be set into auto-commit mode.
26-01-15 14:26:08 [main] INFO  52ogger -HHH000490: Using JtaPlatform implementation: [org.hibernate.engine.transaction.jta.platform.internal.NoJtaPlatform]
26-01-15 14:26:19 [http-nio-8080-exec-3] INFO  377ogger -User Login SuccessFully Ali IP Address Is :0:0:0:0:0:0:0:1
26-01-15 14:32:36 [Catalina-utility-1] INFO  44ogger -HHH000412: Hibernate ORM core version 5.4.33
26-01-15 14:32:37 [Catalina-utility-1] WARN  60ogger -HHH020100: The Ehcache second-level cache provider for Hibernate is deprecated.  See https://hibernate.atlassian.net/browse/HHH-12441 for details.
26-01-15 14:32:37 [Catalina-utility-1] INFO  56ogger -HCANN000001: Hibernate Commons Annotations {5.1.2.Final}
26-01-15 14:32:37 [Catalina-utility-1] WARN  72ogger -HHH10001002: Using Hibernate built-in connection pool (not for production use!)
26-01-15 14:32:37 [Catalina-utility-1] INFO  115ogger -HHH10001005: using driver [com.mysql.cj.jdbc.Driver] at URL [jdbc:mysql://localhost:3306/nadra_system]
26-01-15 14:32:37 [Catalina-utility-1] INFO  124ogger -HHH10001001: Connection properties: {password=****, user=root}
26-01-15 14:32:37 [Catalina-utility-1] INFO  129ogger -HHH10001003: Autocommit mode: false
26-01-15 14:32:37 [Catalina-utility-1] INFO  259ogger -HHH000115: Hibernate connection pool size: 20 (min=1)
26-01-15 14:32:38 [Catalina-utility-1] INFO  175ogger -HHH000400: Using dialect: org.hibernate.dialect.MySQL5Dialect
26-01-15 14:32:38 [Catalina-utility-1] INFO  97ogger -Envers integration enabled? : true
26-01-15 14:32:39 [Catalina-utility-1] WARN  155ogger -HHH90001006: Missing cache[hibernate.cache.default-update-timestamps-region] was created on-the-fly. The created cache will use a provider-specific default configuration: make sure you defined one. You can disable this warning by setting 'hibernate.cache.ehcache.missing_cache_strategy' to 'create'.
26-01-15 14:32:39 [Catalina-utility-1] WARN  155ogger -HHH90001006: Missing cache[hibernate.cache.default-query-results-region] was created on-the-fly. The created cache will use a provider-specific default configuration: make sure you defined one. You can disable this warning by setting 'hibernate.cache.ehcache.missing_cache_strategy' to 'create'.
26-01-15 14:32:40 [Catalina-utility-1] WARN  155ogger -HHH90001006: Missing cache[hibernate.cache.com.entity.Countries] was created on-the-fly. The created cache will use a provider-specific default configuration: make sure you defined one. You can disable this warning by setting 'hibernate.cache.ehcache.missing_cache_strategy' to 'create'.
26-01-15 14:32:40 [Catalina-utility-1] WARN  155ogger -HHH90001006: Missing cache[hibernate.cache.com.entity.Provinces] was created on-the-fly. The created cache will use a provider-specific default configuration: make sure you defined one. You can disable this warning by setting 'hibernate.cache.ehcache.missing_cache_strategy' to 'create'.
26-01-15 14:32:40 [Catalina-utility-1] WARN  155ogger -HHH90001006: Missing cache[hibernate.cache.com.entity.Districts] was created on-the-fly. The created cache will use a provider-specific default configuration: make sure you defined one. You can disable this warning by setting 'hibernate.cache.ehcache.missing_cache_strategy' to 'create'.
26-01-15 14:32:40 [Catalina-utility-1] WARN  155ogger -HHH90001006: Missing cache[hibernate.cache.com.entity.LoggedIn] was created on-the-fly. The created cache will use a provider-specific default configuration: make sure you defined one. You can disable this warning by setting 'hibernate.cache.ehcache.missing_cache_strategy' to 'create'.
26-01-15 14:32:40 [Catalina-utility-1] WARN  155ogger -HHH90001006: Missing cache[hibernate.cache.com.entity.Users] was created on-the-fly. The created cache will use a provider-specific default configuration: make sure you defined one. You can disable this warning by setting 'hibernate.cache.ehcache.missing_cache_strategy' to 'create'.
26-01-15 14:32:40 [Catalina-utility-1] INFO  47ogger -HHH10001501: Connection obtained from JdbcConnectionAccess [org.hibernate.engine.jdbc.env.internal.JdbcEnvironmentInitiator$ConnectionProviderJdbcConnectionAccess@1097b7] for (non-JTA) DDL execution was not in auto-commit mode; the Connection 'local transaction' will be committed and the Connection will be set into auto-commit mode.
26-01-15 14:32:41 [Catalina-utility-1] INFO  52ogger -HHH000490: Using JtaPlatform implementation: [org.hibernate.engine.transaction.jta.platform.internal.NoJtaPlatform]
26-01-15 14:33:17 [Catalina-utility-1] INFO  44ogger -HHH000412: Hibernate ORM core version 5.4.33
26-01-15 14:33:18 [Catalina-utility-1] WARN  60ogger -HHH020100: The Ehcache second-level cache provider for Hibernate is deprecated.  See https://hibernate.atlassian.net/browse/HHH-12441 for details.
26-01-15 14:33:18 [Catalina-utility-1] INFO  56ogger -HCANN000001: Hibernate Commons Annotations {5.1.2.Final}
26-01-15 14:33:19 [Catalina-utility-1] WARN  72ogger -HHH10001002: Using Hibernate built-in connection pool (not for production use!)
26-01-15 14:33:19 [Catalina-utility-1] INFO  115ogger -HHH10001005: using driver [com.mysql.cj.jdbc.Driver] at URL [jdbc:mysql://localhost:3306/nadra_system]
26-01-15 14:33:19 [Catalina-utility-1] INFO  124ogger -HHH10001001: Connection properties: {password=****, user=root}
26-01-15 14:33:19 [Catalina-utility-1] INFO  129ogger -HHH10001003: Autocommit mode: false
26-01-15 14:33:19 [Catalina-utility-1] INFO  259ogger -HHH000115: Hibernate connection pool size: 20 (min=1)
26-01-15 14:33:19 [Catalina-utility-1] INFO  175ogger -HHH000400: Using dialect: org.hibernate.dialect.MySQL5Dialect
26-01-15 14:33:19 [Catalina-utility-1] INFO  97ogger -Envers integration enabled? : true
26-01-15 14:33:20 [Catalina-utility-1] WARN  155ogger -HHH90001006: Missing cache[hibernate.cache.default-update-timestamps-region] was created on-the-fly. The created cache will use a provider-specific default configuration: make sure you defined one. You can disable this warning by setting 'hibernate.cache.ehcache.missing_cache_strategy' to 'create'.
26-01-15 14:33:20 [Catalina-utility-1] WARN  155ogger -HHH90001006: Missing cache[hibernate.cache.default-query-results-region] was created on-the-fly. The created cache will use a provider-specific default configuration: make sure you defined one. You can disable this warning by setting 'hibernate.cache.ehcache.missing_cache_strategy' to 'create'.
26-01-15 14:33:20 [Catalina-utility-1] WARN  155ogger -HHH90001006: Missing cache[hibernate.cache.com.entity.Users] was created on-the-fly. The created cache will use a provider-specific default configuration: make sure you defined one. You can disable this warning by setting 'hibernate.cache.ehcache.missing_cache_strategy' to 'create'.
26-01-15 14:33:20 [Catalina-utility-1] WARN  155ogger -HHH90001006: Missing cache[hibernate.cache.com.entity.Provinces] was created on-the-fly. The created cache will use a provider-specific default configuration: make sure you defined one. You can disable this warning by setting 'hibernate.cache.ehcache.missing_cache_strategy' to 'create'.
26-01-15 14:33:20 [Catalina-utility-1] WARN  155ogger -HHH90001006: Missing cache[hibernate.cache.com.entity.Districts] was created on-the-fly. The created cache will use a provider-specific default configuration: make sure you defined one. You can disable this warning by setting 'hibernate.cache.ehcache.missing_cache_strategy' to 'create'.
26-01-15 14:33:20 [Catalina-utility-1] WARN  155ogger -HHH90001006: Missing cache[hibernate.cache.com.entity.LoggedIn] was created on-the-fly. The created cache will use a provider-specific default configuration: make sure you defined one. You can disable this warning by setting 'hibernate.cache.ehcache.missing_cache_strategy' to 'create'.
26-01-15 14:33:20 [Catalina-utility-1] WARN  155ogger -HHH90001006: Missing cache[hibernate.cache.com.entity.Countries] was created on-the-fly. The created cache will use a provider-specific default configuration: make sure you defined one. You can disable this warning by setting 'hibernate.cache.ehcache.missing_cache_strategy' to 'create'.
26-01-15 14:33:21 [Catalina-utility-1] INFO  47ogger -HHH10001501: Connection obtained from JdbcConnectionAccess [org.hibernate.engine.jdbc.env.internal.JdbcEnvironmentInitiator$ConnectionProviderJdbcConnectionAccess@260e935c] for (non-JTA) DDL execution was not in auto-commit mode; the Connection 'local transaction' will be committed and the Connection will be set into auto-commit mode.
26-01-15 14:33:21 [Catalina-utility-1] INFO  52ogger -HHH000490: Using JtaPlatform implementation: [org.hibernate.engine.transaction.jta.platform.internal.NoJtaPlatform]
26-01-15 14:33:33 [http-nio-8080-exec-11] INFO  378ogger -User Login SuccessFully Ali IP Address Is :0:0:0:0:0:0:0:1
26-01-15 14:34:43 [Catalina-utility-1] INFO  44ogger -HHH000412: Hibernate ORM core version 5.4.33
26-01-15 14:34:43 [Catalina-utility-1] WARN  60ogger -HHH020100: The Ehcache second-level cache provider for Hibernate is deprecated.  See https://hibernate.atlassian.net/browse/HHH-12441 for details.
26-01-15 14:34:43 [Catalina-utility-1] INFO  56ogger -HCANN000001: Hibernate Commons Annotations {5.1.2.Final}
26-01-15 14:34:44 [Catalina-utility-1] WARN  72ogger -HHH10001002: Using Hibernate built-in connection pool (not for production use!)
26-01-15 14:34:44 [Catalina-utility-1] INFO  115ogger -HHH10001005: using driver [com.mysql.cj.jdbc.Driver] at URL [jdbc:mysql://localhost:3306/nadra_system]
26-01-15 14:34:44 [Catalina-utility-1] INFO  124ogger -HHH10001001: Connection properties: {password=****, user=root}
26-01-15 14:34:44 [Catalina-utility-1] INFO  129ogger -HHH10001003: Autocommit mode: false
26-01-15 14:34:44 [Catalina-utility-1] INFO  259ogger -HHH000115: Hibernate connection pool size: 20 (min=1)
26-01-15 14:34:44 [Catalina-utility-1] INFO  175ogger -HHH000400: Using dialect: org.hibernate.dialect.MySQL5Dialect
26-01-15 14:34:44 [Catalina-utility-1] INFO  97ogger -Envers integration enabled? : true
26-01-15 14:34:44 [Catalina-utility-1] WARN  155ogger -HHH90001006: Missing cache[hibernate.cache.default-update-timestamps-region] was created on-the-fly. The created cache will use a provider-specific default configuration: make sure you defined one. You can disable this warning by setting 'hibernate.cache.ehcache.missing_cache_strategy' to 'create'.
26-01-15 14:34:44 [Catalina-utility-1] WARN  155ogger -HHH90001006: Missing cache[hibernate.cache.default-query-results-region] was created on-the-fly. The created cache will use a provider-specific default configuration: make sure you defined one. You can disable this warning by setting 'hibernate.cache.ehcache.missing_cache_strategy' to 'create'.
26-01-15 14:34:44 [Catalina-utility-1] WARN  155ogger -HHH90001006: Missing cache[hibernate.cache.com.entity.Districts] was created on-the-fly. The created cache will use a provider-specific default configuration: make sure you defined one. You can disable this warning by setting 'hibernate.cache.ehcache.missing_cache_strategy' to 'create'.
26-01-15 14:34:44 [Catalina-utility-1] WARN  155ogger -HHH90001006: Missing cache[hibernate.cache.com.entity.Users] was created on-the-fly. The created cache will use a provider-specific default configuration: make sure you defined one. You can disable this warning by setting 'hibernate.cache.ehcache.missing_cache_strategy' to 'create'.
26-01-15 14:34:44 [Catalina-utility-1] WARN  155ogger -HHH90001006: Missing cache[hibernate.cache.com.entity.Countries] was created on-the-fly. The created cache will use a provider-specific default configuration: make sure you defined one. You can disable this warning by setting 'hibernate.cache.ehcache.missing_cache_strategy' to 'create'.
26-01-15 14:34:44 [Catalina-utility-1] WARN  155ogger -HHH90001006: Missing cache[hibernate.cache.com.entity.Provinces] was created on-the-fly. The created cache will use a provider-specific default configuration: make sure you defined one. You can disable this warning by setting 'hibernate.cache.ehcache.missing_cache_strategy' to 'create'.
26-01-15 14:34:44 [Catalina-utility-1] WARN  155ogger -HHH90001006: Missing cache[hibernate.cache.com.entity.LoggedIn] was created on-the-fly. The created cache will use a provider-specific default configuration: make sure you defined one. You can disable this warning by setting 'hibernate.cache.ehcache.missing_cache_strategy' to 'create'.
26-01-15 14:34:45 [Catalina-utility-1] INFO  47ogger -HHH10001501: Connection obtained from JdbcConnectionAccess [org.hibernate.engine.jdbc.env.internal.JdbcEnvironmentInitiator$ConnectionProviderJdbcConnectionAccess@749eaf35] for (non-JTA) DDL execution was not in auto-commit mode; the Connection 'local transaction' will be committed and the Connection will be set into auto-commit mode.
26-01-15 14:34:45 [Catalina-utility-1] INFO  52ogger -HHH000490: Using JtaPlatform implementation: [org.hibernate.engine.transaction.jta.platform.internal.NoJtaPlatform]
26-01-15 14:35:03 [http-nio-8080-exec-22] INFO  378ogger -User Login SuccessFully Ali IP Address Is :0:0:0:0:0:0:0:1
26-01-15 14:35:54 [Catalina-utility-2] INFO  44ogger -HHH000412: Hibernate ORM core version 5.4.33
26-01-15 14:35:55 [Catalina-utility-2] WARN  60ogger -HHH020100: The Ehcache second-level cache provider for Hibernate is deprecated.  See https://hibernate.atlassian.net/browse/HHH-12441 for details.
26-01-15 14:35:55 [Catalina-utility-2] INFO  56ogger -HCANN000001: Hibernate Commons Annotations {5.1.2.Final}
26-01-15 14:35:55 [Catalina-utility-2] WARN  72ogger -HHH10001002: Using Hibernate built-in connection pool (not for production use!)
26-01-15 14:35:55 [Catalina-utility-2] INFO  115ogger -HHH10001005: using driver [com.mysql.cj.jdbc.Driver] at URL [jdbc:mysql://localhost:3306/nadra_system]
26-01-15 14:35:55 [Catalina-utility-2] INFO  124ogger -HHH10001001: Connection properties: {password=****, user=root}
26-01-15 14:35:55 [Catalina-utility-2] INFO  129ogger -HHH10001003: Autocommit mode: false
26-01-15 14:35:55 [Catalina-utility-2] INFO  259ogger -HHH000115: Hibernate connection pool size: 20 (min=1)
26-01-15 14:35:55 [Catalina-utility-2] INFO  175ogger -HHH000400: Using dialect: org.hibernate.dialect.MySQL5Dialect
26-01-15 14:35:55 [Catalina-utility-2] INFO  97ogger -Envers integration enabled? : true
26-01-15 14:35:56 [Catalina-utility-2] WARN  155ogger -HHH90001006: Missing cache[hibernate.cache.default-update-timestamps-region] was created on-the-fly. The created cache will use a provider-specific default configuration: make sure you defined one. You can disable this warning by setting 'hibernate.cache.ehcache.missing_cache_strategy' to 'create'.
26-01-15 14:35:56 [Catalina-utility-2] WARN  155ogger -HHH90001006: Missing cache[hibernate.cache.default-query-results-region] was created on-the-fly. The created cache will use a provider-specific default configuration: make sure you defined one. You can disable this warning by setting 'hibernate.cache.ehcache.missing_cache_strategy' to 'create'.
26-01-15 14:35:56 [Catalina-utility-2] WARN  155ogger -HHH90001006: Missing cache[hibernate.cache.com.entity.Countries] was created on-the-fly. The created cache will use a provider-specific default configuration: make sure you defined one. You can disable this warning by setting 'hibernate.cache.ehcache.missing_cache_strategy' to 'create'.
26-01-15 14:35:56 [Catalina-utility-2] WARN  155ogger -HHH90001006: Missing cache[hibernate.cache.com.entity.Districts] was created on-the-fly. The created cache will use a provider-specific default configuration: make sure you defined one. You can disable this warning by setting 'hibernate.cache.ehcache.missing_cache_strategy' to 'create'.
26-01-15 14:35:56 [Catalina-utility-2] WARN  155ogger -HHH90001006: Missing cache[hibernate.cache.com.entity.Users] was created on-the-fly. The created cache will use a provider-specific default configuration: make sure you defined one. You can disable this warning by setting 'hibernate.cache.ehcache.missing_cache_strategy' to 'create'.
26-01-15 14:35:56 [Catalina-utility-2] WARN  155ogger -HHH90001006: Missing cache[hibernate.cache.com.entity.Provinces] was created on-the-fly. The created cache will use a provider-specific default configuration: make sure you defined one. You can disable this warning by setting 'hibernate.cache.ehcache.missing_cache_strategy' to 'create'.
26-01-15 14:35:56 [Catalina-utility-2] WARN  155ogger -HHH90001006: Missing cache[hibernate.cache.com.entity.LoggedIn] was created on-the-fly. The created cache will use a provider-specific default configuration: make sure you defined one. You can disable this warning by setting 'hibernate.cache.ehcache.missing_cache_strategy' to 'create'.
26-01-15 14:35:56 [Catalina-utility-2] INFO  47ogger -HHH10001501: Connection obtained from JdbcConnectionAccess [org.hibernate.engine.jdbc.env.internal.JdbcEnvironmentInitiator$ConnectionProviderJdbcConnectionAccess@1ff69f10] for (non-JTA) DDL execution was not in auto-commit mode; the Connection 'local transaction' will be committed and the Connection will be set into auto-commit mode.
26-01-15 14:35:56 [Catalina-utility-2] INFO  52ogger -HHH000490: Using JtaPlatform implementation: [org.hibernate.engine.transaction.jta.platform.internal.NoJtaPlatform]
26-01-15 14:36:16 [http-nio-8080-exec-39] INFO  378ogger -User Login SuccessFully Ali IP Address Is :0:0:0:0:0:0:0:1
26-01-15 14:37:38 [Catalina-utility-1] INFO  44ogger -HHH000412: Hibernate ORM core version 5.4.33
26-01-15 14:37:38 [Catalina-utility-1] WARN  60ogger -HHH020100: The Ehcache second-level cache provider for Hibernate is deprecated.  See https://hibernate.atlassian.net/browse/HHH-12441 for details.
26-01-15 14:37:38 [Catalina-utility-1] INFO  56ogger -HCANN000001: Hibernate Commons Annotations {5.1.2.Final}
26-01-15 14:37:38 [Catalina-utility-1] WARN  72ogger -HHH10001002: Using Hibernate built-in connection pool (not for production use!)
26-01-15 14:37:38 [Catalina-utility-1] INFO  115ogger -HHH10001005: using driver [com.mysql.cj.jdbc.Driver] at URL [jdbc:mysql://localhost:3306/nadra_system]
26-01-15 14:37:38 [Catalina-utility-1] INFO  124ogger -HHH10001001: Connection properties: {password=****, user=root}
26-01-15 14:37:38 [Catalina-utility-1] INFO  129ogger -HHH10001003: Autocommit mode: false
26-01-15 14:37:38 [Catalina-utility-1] INFO  259ogger -HHH000115: Hibernate connection pool size: 20 (min=1)
26-01-15 14:37:38 [Catalina-utility-1] INFO  175ogger -HHH000400: Using dialect: org.hibernate.dialect.MySQL5Dialect
26-01-15 14:37:38 [Catalina-utility-1] INFO  97ogger -Envers integration enabled? : true
26-01-15 14:37:39 [Catalina-utility-1] WARN  155ogger -HHH90001006: Missing cache[hibernate.cache.default-update-timestamps-region] was created on-the-fly. The created cache will use a provider-specific default configuration: make sure you defined one. You can disable this warning by setting 'hibernate.cache.ehcache.missing_cache_strategy' to 'create'.
26-01-15 14:37:39 [Catalina-utility-1] WARN  155ogger -HHH90001006: Missing cache[hibernate.cache.default-query-results-region] was created on-the-fly. The created cache will use a provider-specific default configuration: make sure you defined one. You can disable this warning by setting 'hibernate.cache.ehcache.missing_cache_strategy' to 'create'.
26-01-15 14:37:39 [Catalina-utility-1] WARN  155ogger -HHH90001006: Missing cache[hibernate.cache.com.entity.Users] was created on-the-fly. The created cache will use a provider-specific default configuration: make sure you defined one. You can disable this warning by setting 'hibernate.cache.ehcache.missing_cache_strategy' to 'create'.
26-01-15 14:37:39 [Catalina-utility-1] WARN  155ogger -HHH90001006: Missing cache[hibernate.cache.com.entity.Districts] was created on-the-fly. The created cache will use a provider-specific default configuration: make sure you defined one. You can disable this warning by setting 'hibernate.cache.ehcache.missing_cache_strategy' to 'create'.
26-01-15 14:37:39 [Catalina-utility-1] WARN  155ogger -HHH90001006: Missing cache[hibernate.cache.com.entity.Provinces] was created on-the-fly. The created cache will use a provider-specific default configuration: make sure you defined one. You can disable this warning by setting 'hibernate.cache.ehcache.missing_cache_strategy' to 'create'.
26-01-15 14:37:39 [Catalina-utility-1] WARN  155ogger -HHH90001006: Missing cache[hibernate.cache.com.entity.Countries] was created on-the-fly. The created cache will use a provider-specific default configuration: make sure you defined one. You can disable this warning by setting 'hibernate.cache.ehcache.missing_cache_strategy' to 'create'.
26-01-15 14:37:39 [Catalina-utility-1] WARN  155ogger -HHH90001006: Missing cache[hibernate.cache.com.entity.LoggedIn] was created on-the-fly. The created cache will use a provider-specific default configuration: make sure you defined one. You can disable this warning by setting 'hibernate.cache.ehcache.missing_cache_strategy' to 'create'.
26-01-15 14:37:39 [Catalina-utility-1] INFO  47ogger -HHH10001501: Connection obtained from JdbcConnectionAccess [org.hibernate.engine.jdbc.env.internal.JdbcEnvironmentInitiator$ConnectionProviderJdbcConnectionAccess@614234bc] for (non-JTA) DDL execution was not in auto-commit mode; the Connection 'local transaction' will be committed and the Connection will be set into auto-commit mode.
26-01-15 14:37:40 [Catalina-utility-1] INFO  52ogger -HHH000490: Using JtaPlatform implementation: [org.hibernate.engine.transaction.jta.platform.internal.NoJtaPlatform]
26-01-15 14:38:31 [http-nio-8080-exec-43] INFO  379ogger -User Login SuccessFully Ali IP Address Is :0:0:0:0:0:0:0:1
26-01-15 14:39:54 [Catalina-utility-1] INFO  44ogger -HHH000412: Hibernate ORM core version 5.4.33
26-01-15 14:39:55 [Catalina-utility-1] WARN  60ogger -HHH020100: The Ehcache second-level cache provider for Hibernate is deprecated.  See https://hibernate.atlassian.net/browse/HHH-12441 for details.
26-01-15 14:39:55 [Catalina-utility-1] INFO  56ogger -HCANN000001: Hibernate Commons Annotations {5.1.2.Final}
26-01-15 14:39:55 [Catalina-utility-1] WARN  72ogger -HHH10001002: Using Hibernate built-in connection pool (not for production use!)
26-01-15 14:39:55 [Catalina-utility-1] INFO  115ogger -HHH10001005: using driver [com.mysql.cj.jdbc.Driver] at URL [jdbc:mysql://localhost:3306/nadra_system]
26-01-15 14:39:55 [Catalina-utility-1] INFO  124ogger -HHH10001001: Connection properties: {password=****, user=root}
26-01-15 14:39:55 [Catalina-utility-1] INFO  129ogger -HHH10001003: Autocommit mode: false
26-01-15 14:39:55 [Catalina-utility-1] INFO  259ogger -HHH000115: Hibernate connection pool size: 20 (min=1)
26-01-15 14:39:55 [Catalina-utility-1] INFO  175ogger -HHH000400: Using dialect: org.hibernate.dialect.MySQL5Dialect
26-01-15 14:39:55 [Catalina-utility-1] INFO  97ogger -Envers integration enabled? : true
26-01-15 14:39:56 [Catalina-utility-1] WARN  155ogger -HHH90001006: Missing cache[hibernate.cache.default-update-timestamps-region] was created on-the-fly. The created cache will use a provider-specific default configuration: make sure you defined one. You can disable this warning by setting 'hibernate.cache.ehcache.missing_cache_strategy' to 'create'.
26-01-15 14:39:56 [Catalina-utility-1] WARN  155ogger -HHH90001006: Missing cache[hibernate.cache.default-query-results-region] was created on-the-fly. The created cache will use a provider-specific default configuration: make sure you defined one. You can disable this warning by setting 'hibernate.cache.ehcache.missing_cache_strategy' to 'create'.
26-01-15 14:39:56 [Catalina-utility-1] WARN  155ogger -HHH90001006: Missing cache[hibernate.cache.com.entity.LoggedIn] was created on-the-fly. The created cache will use a provider-specific default configuration: make sure you defined one. You can disable this warning by setting 'hibernate.cache.ehcache.missing_cache_strategy' to 'create'.
26-01-15 14:39:56 [Catalina-utility-1] WARN  155ogger -HHH90001006: Missing cache[hibernate.cache.com.entity.Users] was created on-the-fly. The created cache will use a provider-specific default configuration: make sure you defined one. You can disable this warning by setting 'hibernate.cache.ehcache.missing_cache_strategy' to 'create'.
26-01-15 14:39:56 [Catalina-utility-1] WARN  155ogger -HHH90001006: Missing cache[hibernate.cache.com.entity.Countries] was created on-the-fly. The created cache will use a provider-specific default configuration: make sure you defined one. You can disable this warning by setting 'hibernate.cache.ehcache.missing_cache_strategy' to 'create'.
26-01-15 14:39:56 [Catalina-utility-1] WARN  155ogger -HHH90001006: Missing cache[hibernate.cache.com.entity.Districts] was created on-the-fly. The created cache will use a provider-specific default configuration: make sure you defined one. You can disable this warning by setting 'hibernate.cache.ehcache.missing_cache_strategy' to 'create'.
26-01-15 14:39:56 [Catalina-utility-1] WARN  155ogger -HHH90001006: Missing cache[hibernate.cache.com.entity.Provinces] was created on-the-fly. The created cache will use a provider-specific default configuration: make sure you defined one. You can disable this warning by setting 'hibernate.cache.ehcache.missing_cache_strategy' to 'create'.
26-01-15 14:39:56 [Catalina-utility-1] INFO  47ogger -HHH10001501: Connection obtained from JdbcConnectionAccess [org.hibernate.engine.jdbc.env.internal.JdbcEnvironmentInitiator$ConnectionProviderJdbcConnectionAccess@156ba182] for (non-JTA) DDL execution was not in auto-commit mode; the Connection 'local transaction' will be committed and the Connection will be set into auto-commit mode.
26-01-15 14:39:56 [Catalina-utility-1] INFO  52ogger -HHH000490: Using JtaPlatform implementation: [org.hibernate.engine.transaction.jta.platform.internal.NoJtaPlatform]
26-01-15 14:40:16 [http-nio-8080-exec-59] INFO  379ogger -User Login SuccessFully Ali IP Address Is :0:0:0:0:0:0:0:1
26-01-15 14:41:49 [Catalina-utility-2] INFO  44ogger -HHH000412: Hibernate ORM core version 5.4.33
26-01-15 14:41:50 [Catalina-utility-2] WARN  60ogger -HHH020100: The Ehcache second-level cache provider for Hibernate is deprecated.  See https://hibernate.atlassian.net/browse/HHH-12441 for details.
26-01-15 14:41:50 [Catalina-utility-2] INFO  56ogger -HCANN000001: Hibernate Commons Annotations {5.1.2.Final}
26-01-15 14:41:50 [Catalina-utility-2] WARN  72ogger -HHH10001002: Using Hibernate built-in connection pool (not for production use!)
26-01-15 14:41:50 [Catalina-utility-2] INFO  115ogger -HHH10001005: using driver [com.mysql.cj.jdbc.Driver] at URL [jdbc:mysql://localhost:3306/nadra_system]
26-01-15 14:41:50 [Catalina-utility-2] INFO  124ogger -HHH10001001: Connection properties: {password=****, user=root}
26-01-15 14:41:50 [Catalina-utility-2] INFO  129ogger -HHH10001003: Autocommit mode: false
26-01-15 14:41:50 [Catalina-utility-2] INFO  259ogger -HHH000115: Hibernate connection pool size: 20 (min=1)
26-01-15 14:41:50 [Catalina-utility-2] INFO  175ogger -HHH000400: Using dialect: org.hibernate.dialect.MySQL5Dialect
26-01-15 14:41:50 [Catalina-utility-2] INFO  97ogger -Envers integration enabled? : true
26-01-15 14:41:50 [Catalina-utility-2] WARN  155ogger -HHH90001006: Missing cache[hibernate.cache.default-update-timestamps-region] was created on-the-fly. The created cache will use a provider-specific default configuration: make sure you defined one. You can disable this warning by setting 'hibernate.cache.ehcache.missing_cache_strategy' to 'create'.
26-01-15 14:41:50 [Catalina-utility-2] WARN  155ogger -HHH90001006: Missing cache[hibernate.cache.default-query-results-region] was created on-the-fly. The created cache will use a provider-specific default configuration: make sure you defined one. You can disable this warning by setting 'hibernate.cache.ehcache.missing_cache_strategy' to 'create'.
26-01-15 14:41:50 [Catalina-utility-2] WARN  155ogger -HHH90001006: Missing cache[hibernate.cache.com.entity.Provinces] was created on-the-fly. The created cache will use a provider-specific default configuration: make sure you defined one. You can disable this warning by setting 'hibernate.cache.ehcache.missing_cache_strategy' to 'create'.
26-01-15 14:41:50 [Catalina-utility-2] WARN  155ogger -HHH90001006: Missing cache[hibernate.cache.com.entity.Countries] was created on-the-fly. The created cache will use a provider-specific default configuration: make sure you defined one. You can disable this warning by setting 'hibernate.cache.ehcache.missing_cache_strategy' to 'create'.
26-01-15 14:41:50 [Catalina-utility-2] WARN  155ogger -HHH90001006: Missing cache[hibernate.cache.com.entity.Users] was created on-the-fly. The created cache will use a provider-specific default configuration: make sure you defined one. You can disable this warning by setting 'hibernate.cache.ehcache.missing_cache_strategy' to 'create'.
26-01-15 14:41:50 [Catalina-utility-2] WARN  155ogger -HHH90001006: Missing cache[hibernate.cache.com.entity.Districts] was created on-the-fly. The created cache will use a provider-specific default configuration: make sure you defined one. You can disable this warning by setting 'hibernate.cache.ehcache.missing_cache_strategy' to 'create'.
26-01-15 14:41:50 [Catalina-utility-2] WARN  155ogger -HHH90001006: Missing cache[hibernate.cache.com.entity.LoggedIn] was created on-the-fly. The created cache will use a provider-specific default configuration: make sure you defined one. You can disable this warning by setting 'hibernate.cache.ehcache.missing_cache_strategy' to 'create'.
26-01-15 14:41:51 [Catalina-utility-2] INFO  47ogger -HHH10001501: Connection obtained from JdbcConnectionAccess [org.hibernate.engine.jdbc.env.internal.JdbcEnvironmentInitiator$ConnectionProviderJdbcConnectionAccess@2554d026] for (non-JTA) DDL execution was not in auto-commit mode; the Connection 'local transaction' will be committed and the Connection will be set into auto-commit mode.
26-01-15 14:41:51 [Catalina-utility-2] INFO  52ogger -HHH000490: Using JtaPlatform implementation: [org.hibernate.engine.transaction.jta.platform.internal.NoJtaPlatform]
26-01-15 14:42:10 [http-nio-8080-exec-68] INFO  379ogger -User Login SuccessFully Ali IP Address Is :0:0:0:0:0:0:0:1
26-01-15 14:42:50 [Catalina-utility-1] INFO  44ogger -HHH000412: Hibernate ORM core version 5.4.33
26-01-15 14:42:50 [Catalina-utility-1] WARN  60ogger -HHH020100: The Ehcache second-level cache provider for Hibernate is deprecated.  See https://hibernate.atlassian.net/browse/HHH-12441 for details.
26-01-15 14:42:50 [Catalina-utility-1] INFO  56ogger -HCANN000001: Hibernate Commons Annotations {5.1.2.Final}
26-01-15 14:42:50 [Catalina-utility-1] WARN  72ogger -HHH10001002: Using Hibernate built-in connection pool (not for production use!)
26-01-15 14:42:50 [Catalina-utility-1] INFO  115ogger -HHH10001005: using driver [com.mysql.cj.jdbc.Driver] at URL [jdbc:mysql://localhost:3306/nadra_system]
26-01-15 14:42:50 [Catalina-utility-1] INFO  124ogger -HHH10001001: Connection properties: {password=****, user=root}
26-01-15 14:42:50 [Catalina-utility-1] INFO  129ogger -HHH10001003: Autocommit mode: false
26-01-15 14:42:50 [Catalina-utility-1] INFO  259ogger -HHH000115: Hibernate connection pool size: 20 (min=1)
26-01-15 14:42:50 [Catalina-utility-1] INFO  175ogger -HHH000400: Using dialect: org.hibernate.dialect.MySQL5Dialect
26-01-15 14:42:50 [Catalina-utility-1] INFO  97ogger -Envers integration enabled? : true
26-01-15 14:42:51 [Catalina-utility-1] WARN  155ogger -HHH90001006: Missing cache[hibernate.cache.default-update-timestamps-region] was created on-the-fly. The created cache will use a provider-specific default configuration: make sure you defined one. You can disable this warning by setting 'hibernate.cache.ehcache.missing_cache_strategy' to 'create'.
26-01-15 14:42:51 [Catalina-utility-1] WARN  155ogger -HHH90001006: Missing cache[hibernate.cache.default-query-results-region] was created on-the-fly. The created cache will use a provider-specific default configuration: make sure you defined one. You can disable this warning by setting 'hibernate.cache.ehcache.missing_cache_strategy' to 'create'.
26-01-15 14:42:51 [Catalina-utility-1] WARN  155ogger -HHH90001006: Missing cache[hibernate.cache.com.entity.Users] was created on-the-fly. The created cache will use a provider-specific default configuration: make sure you defined one. You can disable this warning by setting 'hibernate.cache.ehcache.missing_cache_strategy' to 'create'.
26-01-15 14:42:51 [Catalina-utility-1] WARN  155ogger -HHH90001006: Missing cache[hibernate.cache.com.entity.Countries] was created on-the-fly. The created cache will use a provider-specific default configuration: make sure you defined one. You can disable this warning by setting 'hibernate.cache.ehcache.missing_cache_strategy' to 'create'.
26-01-15 14:42:51 [Catalina-utility-1] WARN  155ogger -HHH90001006: Missing cache[hibernate.cache.com.entity.Districts] was created on-the-fly. The created cache will use a provider-specific default configuration: make sure you defined one. You can disable this warning by setting 'hibernate.cache.ehcache.missing_cache_strategy' to 'create'.
26-01-15 14:42:51 [Catalina-utility-1] WARN  155ogger -HHH90001006: Missing cache[hibernate.cache.com.entity.Provinces] was created on-the-fly. The created cache will use a provider-specific default configuration: make sure you defined one. You can disable this warning by setting 'hibernate.cache.ehcache.missing_cache_strategy' to 'create'.
26-01-15 14:42:51 [Catalina-utility-1] WARN  155ogger -HHH90001006: Missing cache[hibernate.cache.com.entity.LoggedIn] was created on-the-fly. The created cache will use a provider-specific default configuration: make sure you defined one. You can disable this warning by setting 'hibernate.cache.ehcache.missing_cache_strategy' to 'create'.
26-01-15 14:42:51 [Catalina-utility-1] INFO  47ogger -HHH10001501: Connection obtained from JdbcConnectionAccess [org.hibernate.engine.jdbc.env.internal.JdbcEnvironmentInitiator$ConnectionProviderJdbcConnectionAccess@6cdf13b2] for (non-JTA) DDL execution was not in auto-commit mode; the Connection 'local transaction' will be committed and the Connection will be set into auto-commit mode.
26-01-15 14:42:52 [Catalina-utility-1] INFO  52ogger -HHH000490: Using JtaPlatform implementation: [org.hibernate.engine.transaction.jta.platform.internal.NoJtaPlatform]
26-01-15 14:43:13 [http-nio-8080-exec-79] INFO  379ogger -User Login SuccessFully Ali IP Address Is :0:0:0:0:0:0:0:1
26-01-15 14:51:54 [main] INFO  44ogger -HHH000412: Hibernate ORM core version 5.4.33
26-01-15 14:51:54 [main] WARN  60ogger -HHH020100: The Ehcache second-level cache provider for Hibernate is deprecated.  See https://hibernate.atlassian.net/browse/HHH-12441 for details.
26-01-15 14:51:54 [main] INFO  56ogger -HCANN000001: Hibernate Commons Annotations {5.1.2.Final}
26-01-15 14:51:54 [main] WARN  72ogger -HHH10001002: Using Hibernate built-in connection pool (not for production use!)
26-01-15 14:51:54 [main] INFO  115ogger -HHH10001005: using driver [com.mysql.cj.jdbc.Driver] at URL [jdbc:mysql://localhost:3306/nadra_system]
26-01-15 14:51:54 [main] INFO  124ogger -HHH10001001: Connection properties: {password=****, user=root}
26-01-15 14:51:54 [main] INFO  129ogger -HHH10001003: Autocommit mode: false
26-01-15 14:51:54 [main] INFO  259ogger -HHH000115: Hibernate connection pool size: 20 (min=1)
26-01-15 14:51:55 [main] INFO  175ogger -HHH000400: Using dialect: org.hibernate.dialect.MySQL5Dialect
26-01-15 14:51:55 [main] INFO  97ogger -Envers integration enabled? : true
26-01-15 14:51:55 [main] WARN  155ogger -HHH90001006: Missing cache[hibernate.cache.default-update-timestamps-region] was created on-the-fly. The created cache will use a provider-specific default configuration: make sure you defined one. You can disable this warning by setting 'hibernate.cache.ehcache.missing_cache_strategy' to 'create'.
26-01-15 14:51:55 [main] WARN  155ogger -HHH90001006: Missing cache[hibernate.cache.default-query-results-region] was created on-the-fly. The created cache will use a provider-specific default configuration: make sure you defined one. You can disable this warning by setting 'hibernate.cache.ehcache.missing_cache_strategy' to 'create'.
26-01-15 14:51:56 [main] WARN  155ogger -HHH90001006: Missing cache[hibernate.cache.com.entity.Districts] was created on-the-fly. The created cache will use a provider-specific default configuration: make sure you defined one. You can disable this warning by setting 'hibernate.cache.ehcache.missing_cache_strategy' to 'create'.
26-01-15 14:51:56 [main] WARN  155ogger -HHH90001006: Missing cache[hibernate.cache.com.entity.LoggedIn] was created on-the-fly. The created cache will use a provider-specific default configuration: make sure you defined one. You can disable this warning by setting 'hibernate.cache.ehcache.missing_cache_strategy' to 'create'.
26-01-15 14:51:56 [main] WARN  155ogger -HHH90001006: Missing cache[hibernate.cache.com.entity.Provinces] was created on-the-fly. The created cache will use a provider-specific default configuration: make sure you defined one. You can disable this warning by setting 'hibernate.cache.ehcache.missing_cache_strategy' to 'create'.
26-01-15 14:51:56 [main] WARN  155ogger -HHH90001006: Missing cache[hibernate.cache.com.entity.Users] was created on-the-fly. The created cache will use a provider-specific default configuration: make sure you defined one. You can disable this warning by setting 'hibernate.cache.ehcache.missing_cache_strategy' to 'create'.
26-01-15 14:51:56 [main] WARN  155ogger -HHH90001006: Missing cache[hibernate.cache.com.entity.Countries] was created on-the-fly. The created cache will use a provider-specific default configuration: make sure you defined one. You can disable this warning by setting 'hibernate.cache.ehcache.missing_cache_strategy' to 'create'.
26-01-15 14:51:56 [main] INFO  47ogger -HHH10001501: Connection obtained from JdbcConnectionAccess [org.hibernate.engine.jdbc.env.internal.JdbcEnvironmentInitiator$ConnectionProviderJdbcConnectionAccess@745d399a] for (non-JTA) DDL execution was not in auto-commit mode; the Connection 'local transaction' will be committed and the Connection will be set into auto-commit mode.
26-01-15 14:51:56 [main] INFO  52ogger -HHH000490: Using JtaPlatform implementation: [org.hibernate.engine.transaction.jta.platform.internal.NoJtaPlatform]
26-01-15 14:52:03 [http-nio-8080-exec-6] INFO  379ogger -User Login SuccessFully Ali IP Address Is :0:0:0:0:0:0:0:1
26-01-15 14:52:53 [http-nio-8080-exec-10] INFO  448ogger -Logout SuccessFullAli
26-01-15 14:53:00 [http-nio-8080-exec-2] INFO  379ogger -User Login SuccessFully Ali IP Address Is :0:0:0:0:0:0:0:1
26-01-15 14:56:21 [http-nio-8080-exec-2] INFO  448ogger -Logout SuccessFullAli
26-01-15 14:56:30 [http-nio-8080-exec-7] INFO  379ogger -User Login SuccessFully Ali IP Address Is :0:0:0:0:0:0:0:1
26-01-15 14:57:21 [http-nio-8080-exec-1] INFO  448ogger -Logout SuccessFullAli
26-01-15 14:58:34 [http-nio-8080-exec-8] INFO  379ogger -User Login SuccessFully Ali IP Address Is :0:0:0:0:0:0:0:1
26-01-15 15:07:28 [Catalina-utility-1] INFO  44ogger -HHH000412: Hibernate ORM core version 5.4.33
26-01-15 15:07:29 [Catalina-utility-1] WARN  60ogger -HHH020100: The Ehcache second-level cache provider for Hibernate is deprecated.  See https://hibernate.atlassian.net/browse/HHH-12441 for details.
26-01-15 15:07:29 [Catalina-utility-1] INFO  56ogger -HCANN000001: Hibernate Commons Annotations {5.1.2.Final}
26-01-15 15:07:29 [Catalina-utility-1] WARN  72ogger -HHH10001002: Using Hibernate built-in connection pool (not for production use!)
26-01-15 15:07:29 [Catalina-utility-1] INFO  115ogger -HHH10001005: using driver [com.mysql.cj.jdbc.Driver] at URL [jdbc:mysql://localhost:3306/nadra_system]
26-01-15 15:07:29 [Catalina-utility-1] INFO  124ogger -HHH10001001: Connection properties: {password=****, user=root}
26-01-15 15:07:29 [Catalina-utility-1] INFO  129ogger -HHH10001003: Autocommit mode: false
26-01-15 15:07:29 [Catalina-utility-1] INFO  259ogger -HHH000115: Hibernate connection pool size: 20 (min=1)
26-01-15 15:07:29 [Catalina-utility-1] INFO  175ogger -HHH000400: Using dialect: org.hibernate.dialect.MySQL5Dialect
26-01-15 15:07:29 [Catalina-utility-1] INFO  97ogger -Envers integration enabled? : true
26-01-15 15:07:30 [Catalina-utility-1] WARN  155ogger -HHH90001006: Missing cache[hibernate.cache.default-update-timestamps-region] was created on-the-fly. The created cache will use a provider-specific default configuration: make sure you defined one. You can disable this warning by setting 'hibernate.cache.ehcache.missing_cache_strategy' to 'create'.
26-01-15 15:07:30 [Catalina-utility-1] WARN  155ogger -HHH90001006: Missing cache[hibernate.cache.default-query-results-region] was created on-the-fly. The created cache will use a provider-specific default configuration: make sure you defined one. You can disable this warning by setting 'hibernate.cache.ehcache.missing_cache_strategy' to 'create'.
26-01-15 15:07:30 [Catalina-utility-1] WARN  155ogger -HHH90001006: Missing cache[hibernate.cache.com.entity.Districts] was created on-the-fly. The created cache will use a provider-specific default configuration: make sure you defined one. You can disable this warning by setting 'hibernate.cache.ehcache.missing_cache_strategy' to 'create'.
26-01-15 15:07:30 [Catalina-utility-1] WARN  155ogger -HHH90001006: Missing cache[hibernate.cache.com.entity.Countries] was created on-the-fly. The created cache will use a provider-specific default configuration: make sure you defined one. You can disable this warning by setting 'hibernate.cache.ehcache.missing_cache_strategy' to 'create'.
26-01-15 15:07:30 [Catalina-utility-1] WARN  155ogger -HHH90001006: Missing cache[hibernate.cache.com.entity.LoggedIn] was created on-the-fly. The created cache will use a provider-specific default configuration: make sure you defined one. You can disable this warning by setting 'hibernate.cache.ehcache.missing_cache_strategy' to 'create'.
26-01-15 15:07:30 [Catalina-utility-1] WARN  155ogger -HHH90001006: Missing cache[hibernate.cache.com.entity.Provinces] was created on-the-fly. The created cache will use a provider-specific default configuration: make sure you defined one. You can disable this warning by setting 'hibernate.cache.ehcache.missing_cache_strategy' to 'create'.
26-01-15 15:07:30 [Catalina-utility-1] WARN  155ogger -HHH90001006: Missing cache[hibernate.cache.com.entity.Users] was created on-the-fly. The created cache will use a provider-specific default configuration: make sure you defined one. You can disable this warning by setting 'hibernate.cache.ehcache.missing_cache_strategy' to 'create'.
26-01-15 15:07:30 [Catalina-utility-1] INFO  47ogger -HHH10001501: Connection obtained from JdbcConnectionAccess [org.hibernate.engine.jdbc.env.internal.JdbcEnvironmentInitiator$ConnectionProviderJdbcConnectionAccess@159d5b14] for (non-JTA) DDL execution was not in auto-commit mode; the Connection 'local transaction' will be committed and the Connection will be set into auto-commit mode.
26-01-15 15:07:31 [Catalina-utility-1] INFO  52ogger -HHH000490: Using JtaPlatform implementation: [org.hibernate.engine.transaction.jta.platform.internal.NoJtaPlatform]
26-01-15 15:07:42 [Catalina-utility-2] INFO  44ogger -HHH000412: Hibernate ORM core version 5.4.33
26-01-15 15:07:43 [Catalina-utility-2] WARN  60ogger -HHH020100: The Ehcache second-level cache provider for Hibernate is deprecated.  See https://hibernate.atlassian.net/browse/HHH-12441 for details.
26-01-15 15:07:43 [Catalina-utility-2] INFO  56ogger -HCANN000001: Hibernate Commons Annotations {5.1.2.Final}
26-01-15 15:07:43 [Catalina-utility-2] WARN  72ogger -HHH10001002: Using Hibernate built-in connection pool (not for production use!)
26-01-15 15:07:43 [Catalina-utility-2] INFO  115ogger -HHH10001005: using driver [com.mysql.cj.jdbc.Driver] at URL [jdbc:mysql://localhost:3306/nadra_system]
26-01-15 15:07:43 [Catalina-utility-2] INFO  124ogger -HHH10001001: Connection properties: {password=****, user=root}
26-01-15 15:07:43 [Catalina-utility-2] INFO  129ogger -HHH10001003: Autocommit mode: false
26-01-15 15:07:43 [Catalina-utility-2] INFO  259ogger -HHH000115: Hibernate connection pool size: 20 (min=1)
26-01-15 15:07:43 [Catalina-utility-2] INFO  175ogger -HHH000400: Using dialect: org.hibernate.dialect.MySQL5Dialect
26-01-15 15:07:43 [Catalina-utility-2] INFO  97ogger -Envers integration enabled? : true
26-01-15 15:07:44 [Catalina-utility-2] WARN  155ogger -HHH90001006: Missing cache[hibernate.cache.default-update-timestamps-region] was created on-the-fly. The created cache will use a provider-specific default configuration: make sure you defined one. You can disable this warning by setting 'hibernate.cache.ehcache.missing_cache_strategy' to 'create'.
26-01-15 15:07:44 [Catalina-utility-2] WARN  155ogger -HHH90001006: Missing cache[hibernate.cache.default-query-results-region] was created on-the-fly. The created cache will use a provider-specific default configuration: make sure you defined one. You can disable this warning by setting 'hibernate.cache.ehcache.missing_cache_strategy' to 'create'.
26-01-15 15:07:44 [Catalina-utility-2] WARN  155ogger -HHH90001006: Missing cache[hibernate.cache.com.entity.LoggedIn] was created on-the-fly. The created cache will use a provider-specific default configuration: make sure you defined one. You can disable this warning by setting 'hibernate.cache.ehcache.missing_cache_strategy' to 'create'.
26-01-15 15:07:44 [Catalina-utility-2] WARN  155ogger -HHH90001006: Missing cache[hibernate.cache.com.entity.Users] was created on-the-fly. The created cache will use a provider-specific default configuration: make sure you defined one. You can disable this warning by setting 'hibernate.cache.ehcache.missing_cache_strategy' to 'create'.
26-01-15 15:07:44 [Catalina-utility-2] WARN  155ogger -HHH90001006: Missing cache[hibernate.cache.com.entity.Countries] was created on-the-fly. The created cache will use a provider-specific default configuration: make sure you defined one. You can disable this warning by setting 'hibernate.cache.ehcache.missing_cache_strategy' to 'create'.
26-01-15 15:07:44 [Catalina-utility-2] WARN  155ogger -HHH90001006: Missing cache[hibernate.cache.com.entity.Districts] was created on-the-fly. The created cache will use a provider-specific default configuration: make sure you defined one. You can disable this warning by setting 'hibernate.cache.ehcache.missing_cache_strategy' to 'create'.
26-01-15 15:07:44 [Catalina-utility-2] WARN  155ogger -HHH90001006: Missing cache[hibernate.cache.com.entity.Provinces] was created on-the-fly. The created cache will use a provider-specific default configuration: make sure you defined one. You can disable this warning by setting 'hibernate.cache.ehcache.missing_cache_strategy' to 'create'.
26-01-15 15:07:44 [Catalina-utility-2] INFO  47ogger -HHH10001501: Connection obtained from JdbcConnectionAccess [org.hibernate.engine.jdbc.env.internal.JdbcEnvironmentInitiator$ConnectionProviderJdbcConnectionAccess@5170364d] for (non-JTA) DDL execution was not in auto-commit mode; the Connection 'local transaction' will be committed and the Connection will be set into auto-commit mode.
26-01-15 15:07:44 [Catalina-utility-2] INFO  52ogger -HHH000490: Using JtaPlatform implementation: [org.hibernate.engine.transaction.jta.platform.internal.NoJtaPlatform]
26-01-15 15:08:18 [main] INFO  44ogger -HHH000412: Hibernate ORM core version 5.4.33
26-01-15 15:08:18 [main] WARN  60ogger -HHH020100: The Ehcache second-level cache provider for Hibernate is deprecated.  See https://hibernate.atlassian.net/browse/HHH-12441 for details.
26-01-15 15:08:18 [main] INFO  56ogger -HCANN000001: Hibernate Commons Annotations {5.1.2.Final}
26-01-15 15:08:18 [main] WARN  72ogger -HHH10001002: Using Hibernate built-in connection pool (not for production use!)
26-01-15 15:08:18 [main] INFO  115ogger -HHH10001005: using driver [com.mysql.cj.jdbc.Driver] at URL [jdbc:mysql://localhost:3306/nadra_system]
26-01-15 15:08:18 [main] INFO  124ogger -HHH10001001: Connection properties: {password=****, user=root}
26-01-15 15:08:18 [main] INFO  129ogger -HHH10001003: Autocommit mode: false
26-01-15 15:08:18 [main] INFO  259ogger -HHH000115: Hibernate connection pool size: 20 (min=1)
26-01-15 15:08:19 [main] INFO  175ogger -HHH000400: Using dialect: org.hibernate.dialect.MySQL5Dialect
26-01-15 15:08:19 [main] INFO  97ogger -Envers integration enabled? : true
26-01-15 15:08:19 [main] WARN  155ogger -HHH90001006: Missing cache[hibernate.cache.default-update-timestamps-region] was created on-the-fly. The created cache will use a provider-specific default configuration: make sure you defined one. You can disable this warning by setting 'hibernate.cache.ehcache.missing_cache_strategy' to 'create'.
26-01-15 15:08:19 [main] WARN  155ogger -HHH90001006: Missing cache[hibernate.cache.default-query-results-region] was created on-the-fly. The created cache will use a provider-specific default configuration: make sure you defined one. You can disable this warning by setting 'hibernate.cache.ehcache.missing_cache_strategy' to 'create'.
26-01-15 15:08:19 [main] WARN  155ogger -HHH90001006: Missing cache[hibernate.cache.com.entity.LoggedIn] was created on-the-fly. The created cache will use a provider-specific default configuration: make sure you defined one. You can disable this warning by setting 'hibernate.cache.ehcache.missing_cache_strategy' to 'create'.
26-01-15 15:08:19 [main] WARN  155ogger -HHH90001006: Missing cache[hibernate.cache.com.entity.Users] was created on-the-fly. The created cache will use a provider-specific default configuration: make sure you defined one. You can disable this warning by setting 'hibernate.cache.ehcache.missing_cache_strategy' to 'create'.
26-01-15 15:08:19 [main] WARN  155ogger -HHH90001006: Missing cache[hibernate.cache.com.entity.Districts] was created on-the-fly. The created cache will use a provider-specific default configuration: make sure you defined one. You can disable this warning by setting 'hibernate.cache.ehcache.missing_cache_strategy' to 'create'.
26-01-15 15:08:19 [main] WARN  155ogger -HHH90001006: Missing cache[hibernate.cache.com.entity.Provinces] was created on-the-fly. The created cache will use a provider-specific default configuration: make sure you defined one. You can disable this warning by setting 'hibernate.cache.ehcache.missing_cache_strategy' to 'create'.
26-01-15 15:08:19 [main] WARN  155ogger -HHH90001006: Missing cache[hibernate.cache.com.entity.Countries] was created on-the-fly. The created cache will use a provider-specific default configuration: make sure you defined one. You can disable this warning by setting 'hibernate.cache.ehcache.missing_cache_strategy' to 'create'.
26-01-15 15:08:20 [main] INFO  47ogger -HHH10001501: Connection obtained from JdbcConnectionAccess [org.hibernate.engine.jdbc.env.internal.JdbcEnvironmentInitiator$ConnectionProviderJdbcConnectionAccess@3e711e84] for (non-JTA) DDL execution was not in auto-commit mode; the Connection 'local transaction' will be committed and the Connection will be set into auto-commit mode.
26-01-15 15:08:20 [main] INFO  52ogger -HHH000490: Using JtaPlatform implementation: [org.hibernate.engine.transaction.jta.platform.internal.NoJtaPlatform]
26-01-15 15:08:26 [http-nio-8080-exec-8] INFO  379ogger -User Login SuccessFully Ali IP Address Is :0:0:0:0:0:0:0:1
26-01-15 15:10:17 [http-nio-8080-exec-1] INFO  448ogger -Logout SuccessFullAli
26-01-15 15:11:34 [http-nio-8080-exec-2] INFO  379ogger -User Login SuccessFully Ali IP Address Is :0:0:0:0:0:0:0:1
26-01-15 15:11:41 [http-nio-8080-exec-6] WARN  328ogger -Invalid Crendentials3520412345678Password1234
26-01-15 15:11:48 [http-nio-8080-exec-3] INFO  424ogger -Login From Another BrowserAli
26-01-15 15:11:56 [http-nio-8080-exec-9] INFO  424ogger -Login From Another BrowserAli
26-01-15 15:12:03 [http-nio-8080-exec-10] INFO  424ogger -Login From Another BrowserAli
26-01-15 15:17:37 [main] INFO  44ogger -HHH000412: Hibernate ORM core version 5.4.33
26-01-15 15:17:37 [main] WARN  60ogger -HHH020100: The Ehcache second-level cache provider for Hibernate is deprecated.  See https://hibernate.atlassian.net/browse/HHH-12441 for details.
26-01-15 15:17:37 [main] INFO  56ogger -HCANN000001: Hibernate Commons Annotations {5.1.2.Final}
26-01-15 15:17:38 [main] WARN  72ogger -HHH10001002: Using Hibernate built-in connection pool (not for production use!)
26-01-15 15:17:38 [main] INFO  115ogger -HHH10001005: using driver [com.mysql.cj.jdbc.Driver] at URL [jdbc:mysql://localhost:3306/nadra_system]
26-01-15 15:17:38 [main] INFO  124ogger -HHH10001001: Connection properties: {password=****, user=root}
26-01-15 15:17:38 [main] INFO  129ogger -HHH10001003: Autocommit mode: false
26-01-15 15:17:38 [main] INFO  259ogger -HHH000115: Hibernate connection pool size: 20 (min=1)
26-01-15 15:17:38 [main] INFO  175ogger -HHH000400: Using dialect: org.hibernate.dialect.MySQL5Dialect
26-01-15 15:17:38 [main] INFO  97ogger -Envers integration enabled? : true
26-01-15 15:17:39 [main] WARN  155ogger -HHH90001006: Missing cache[hibernate.cache.default-update-timestamps-region] was created on-the-fly. The created cache will use a provider-specific default configuration: make sure you defined one. You can disable this warning by setting 'hibernate.cache.ehcache.missing_cache_strategy' to 'create'.
26-01-15 15:17:39 [main] WARN  155ogger -HHH90001006: Missing cache[hibernate.cache.default-query-results-region] was created on-the-fly. The created cache will use a provider-specific default configuration: make sure you defined one. You can disable this warning by setting 'hibernate.cache.ehcache.missing_cache_strategy' to 'create'.
26-01-15 15:17:39 [main] WARN  155ogger -HHH90001006: Missing cache[hibernate.cache.com.entity.Districts] was created on-the-fly. The created cache will use a provider-specific default configuration: make sure you defined one. You can disable this warning by setting 'hibernate.cache.ehcache.missing_cache_strategy' to 'create'.
26-01-15 15:17:39 [main] WARN  155ogger -HHH90001006: Missing cache[hibernate.cache.com.entity.LoggedIn] was created on-the-fly. The created cache will use a provider-specific default configuration: make sure you defined one. You can disable this warning by setting 'hibernate.cache.ehcache.missing_cache_strategy' to 'create'.
26-01-15 15:17:39 [main] WARN  155ogger -HHH90001006: Missing cache[hibernate.cache.com.entity.Provinces] was created on-the-fly. The created cache will use a provider-specific default configuration: make sure you defined one. You can disable this warning by setting 'hibernate.cache.ehcache.missing_cache_strategy' to 'create'.
26-01-15 15:17:39 [main] WARN  155ogger -HHH90001006: Missing cache[hibernate.cache.com.entity.Users] was created on-the-fly. The created cache will use a provider-specific default configuration: make sure you defined one. You can disable this warning by setting 'hibernate.cache.ehcache.missing_cache_strategy' to 'create'.
26-01-15 15:17:39 [main] WARN  155ogger -HHH90001006: Missing cache[hibernate.cache.com.entity.Countries] was created on-the-fly. The created cache will use a provider-specific default configuration: make sure you defined one. You can disable this warning by setting 'hibernate.cache.ehcache.missing_cache_strategy' to 'create'.
26-01-15 15:17:39 [main] INFO  47ogger -HHH10001501: Connection obtained from JdbcConnectionAccess [org.hibernate.engine.jdbc.env.internal.JdbcEnvironmentInitiator$ConnectionProviderJdbcConnectionAccess@745d399a] for (non-JTA) DDL execution was not in auto-commit mode; the Connection 'local transaction' will be committed and the Connection will be set into auto-commit mode.
26-01-15 15:17:39 [main] INFO  52ogger -HHH000490: Using JtaPlatform implementation: [org.hibernate.engine.transaction.jta.platform.internal.NoJtaPlatform]
26-01-15 15:17:45 [http-nio-8080-exec-7] INFO  379ogger -User Login SuccessFully Ali IP Address Is :0:0:0:0:0:0:0:1
26-01-15 15:18:50 [main] INFO  44ogger -HHH000412: Hibernate ORM core version 5.4.33
26-01-15 15:18:51 [main] WARN  60ogger -HHH020100: The Ehcache second-level cache provider for Hibernate is deprecated.  See https://hibernate.atlassian.net/browse/HHH-12441 for details.
26-01-15 15:18:51 [main] INFO  56ogger -HCANN000001: Hibernate Commons Annotations {5.1.2.Final}
26-01-15 15:18:51 [main] WARN  72ogger -HHH10001002: Using Hibernate built-in connection pool (not for production use!)
26-01-15 15:18:51 [main] INFO  115ogger -HHH10001005: using driver [com.mysql.cj.jdbc.Driver] at URL [jdbc:mysql://localhost:3306/nadra_system]
26-01-15 15:18:51 [main] INFO  124ogger -HHH10001001: Connection properties: {password=****, user=root}
26-01-15 15:18:51 [main] INFO  129ogger -HHH10001003: Autocommit mode: false
26-01-15 15:18:51 [main] INFO  259ogger -HHH000115: Hibernate connection pool size: 20 (min=1)
26-01-15 15:18:51 [main] INFO  175ogger -HHH000400: Using dialect: org.hibernate.dialect.MySQL5Dialect
26-01-15 15:18:51 [main] INFO  97ogger -Envers integration enabled? : true
26-01-15 15:18:52 [main] WARN  155ogger -HHH90001006: Missing cache[hibernate.cache.default-update-timestamps-region] was created on-the-fly. The created cache will use a provider-specific default configuration: make sure you defined one. You can disable this warning by setting 'hibernate.cache.ehcache.missing_cache_strategy' to 'create'.
26-01-15 15:18:52 [main] WARN  155ogger -HHH90001006: Missing cache[hibernate.cache.default-query-results-region] was created on-the-fly. The created cache will use a provider-specific default configuration: make sure you defined one. You can disable this warning by setting 'hibernate.cache.ehcache.missing_cache_strategy' to 'create'.
26-01-15 15:18:52 [main] WARN  155ogger -HHH90001006: Missing cache[hibernate.cache.com.entity.Districts] was created on-the-fly. The created cache will use a provider-specific default configuration: make sure you defined one. You can disable this warning by setting 'hibernate.cache.ehcache.missing_cache_strategy' to 'create'.
26-01-15 15:18:52 [main] WARN  155ogger -HHH90001006: Missing cache[hibernate.cache.com.entity.LoggedIn] was created on-the-fly. The created cache will use a provider-specific default configuration: make sure you defined one. You can disable this warning by setting 'hibernate.cache.ehcache.missing_cache_strategy' to 'create'.
26-01-15 15:18:52 [main] WARN  155ogger -HHH90001006: Missing cache[hibernate.cache.com.entity.Provinces] was created on-the-fly. The created cache will use a provider-specific default configuration: make sure you defined one. You can disable this warning by setting 'hibernate.cache.ehcache.missing_cache_strategy' to 'create'.
26-01-15 15:18:52 [main] WARN  155ogger -HHH90001006: Missing cache[hibernate.cache.com.entity.Users] was created on-the-fly. The created cache will use a provider-specific default configuration: make sure you defined one. You can disable this warning by setting 'hibernate.cache.ehcache.missing_cache_strategy' to 'create'.
26-01-15 15:18:52 [main] WARN  155ogger -HHH90001006: Missing cache[hibernate.cache.com.entity.Countries] was created on-the-fly. The created cache will use a provider-specific default configuration: make sure you defined one. You can disable this warning by setting 'hibernate.cache.ehcache.missing_cache_strategy' to 'create'.
26-01-15 15:18:53 [main] INFO  47ogger -HHH10001501: Connection obtained from JdbcConnectionAccess [org.hibernate.engine.jdbc.env.internal.JdbcEnvironmentInitiator$ConnectionProviderJdbcConnectionAccess@745d399a] for (non-JTA) DDL execution was not in auto-commit mode; the Connection 'local transaction' will be committed and the Connection will be set into auto-commit mode.
26-01-15 15:18:53 [main] INFO  52ogger -HHH000490: Using JtaPlatform implementation: [org.hibernate.engine.transaction.jta.platform.internal.NoJtaPlatform]
26-01-15 15:19:00 [http-nio-8080-exec-8] INFO  379ogger -User Login SuccessFully Muhammad Rafay IP Address Is :0:0:0:0:0:0:0:1
26-01-15 15:19:06 [http-nio-8080-exec-5] INFO  448ogger -Logout SuccessFullMuhammad Rafay
26-01-15 15:20:09 [http-nio-8080-exec-6] INFO  379ogger -User Login SuccessFully Ali IP Address Is :0:0:0:0:0:0:0:1
26-01-15 15:25:18 [Catalina-utility-2] INFO  44ogger -HHH000412: Hibernate ORM core version 5.4.33
26-01-15 15:25:19 [Catalina-utility-2] WARN  60ogger -HHH020100: The Ehcache second-level cache provider for Hibernate is deprecated.  See https://hibernate.atlassian.net/browse/HHH-12441 for details.
26-01-15 15:25:19 [Catalina-utility-2] INFO  56ogger -HCANN000001: Hibernate Commons Annotations {5.1.2.Final}
26-01-15 15:25:19 [Catalina-utility-2] WARN  72ogger -HHH10001002: Using Hibernate built-in connection pool (not for production use!)
26-01-15 15:25:19 [Catalina-utility-2] INFO  115ogger -HHH10001005: using driver [com.mysql.cj.jdbc.Driver] at URL [jdbc:mysql://localhost:3306/nadra_system]
26-01-15 15:25:19 [Catalina-utility-2] INFO  124ogger -HHH10001001: Connection properties: {password=****, user=root}
26-01-15 15:25:19 [Catalina-utility-2] INFO  129ogger -HHH10001003: Autocommit mode: false
26-01-15 15:25:19 [Catalina-utility-2] INFO  259ogger -HHH000115: Hibernate connection pool size: 20 (min=1)
26-01-15 15:25:19 [Catalina-utility-2] INFO  175ogger -HHH000400: Using dialect: org.hibernate.dialect.MySQL5Dialect
26-01-15 15:25:19 [Catalina-utility-2] INFO  97ogger -Envers integration enabled? : true
26-01-15 15:25:21 [Catalina-utility-2] WARN  155ogger -HHH90001006: Missing cache[hibernate.cache.default-update-timestamps-region] was created on-the-fly. The created cache will use a provider-specific default configuration: make sure you defined one. You can disable this warning by setting 'hibernate.cache.ehcache.missing_cache_strategy' to 'create'.
26-01-15 15:25:21 [Catalina-utility-2] WARN  155ogger -HHH90001006: Missing cache[hibernate.cache.default-query-results-region] was created on-the-fly. The created cache will use a provider-specific default configuration: make sure you defined one. You can disable this warning by setting 'hibernate.cache.ehcache.missing_cache_strategy' to 'create'.
26-01-15 15:25:21 [Catalina-utility-2] WARN  155ogger -HHH90001006: Missing cache[hibernate.cache.com.entity.Districts] was created on-the-fly. The created cache will use a provider-specific default configuration: make sure you defined one. You can disable this warning by setting 'hibernate.cache.ehcache.missing_cache_strategy' to 'create'.
26-01-15 15:25:21 [Catalina-utility-2] WARN  155ogger -HHH90001006: Missing cache[hibernate.cache.com.entity.LoggedIn] was created on-the-fly. The created cache will use a provider-specific default configuration: make sure you defined one. You can disable this warning by setting 'hibernate.cache.ehcache.missing_cache_strategy' to 'create'.
26-01-15 15:25:21 [Catalina-utility-2] WARN  155ogger -HHH90001006: Missing cache[hibernate.cache.com.entity.Countries] was created on-the-fly. The created cache will use a provider-specific default configuration: make sure you defined one. You can disable this warning by setting 'hibernate.cache.ehcache.missing_cache_strategy' to 'create'.
26-01-15 15:25:21 [Catalina-utility-2] WARN  155ogger -HHH90001006: Missing cache[hibernate.cache.com.entity.Users] was created on-the-fly. The created cache will use a provider-specific default configuration: make sure you defined one. You can disable this warning by setting 'hibernate.cache.ehcache.missing_cache_strategy' to 'create'.
26-01-15 15:25:21 [Catalina-utility-2] WARN  155ogger -HHH90001006: Missing cache[hibernate.cache.com.entity.Provinces] was created on-the-fly. The created cache will use a provider-specific default configuration: make sure you defined one. You can disable this warning by setting 'hibernate.cache.ehcache.missing_cache_strategy' to 'create'.
26-01-15 15:25:21 [Catalina-utility-2] INFO  47ogger -HHH10001501: Connection obtained from JdbcConnectionAccess [org.hibernate.engine.jdbc.env.internal.JdbcEnvironmentInitiator$ConnectionProviderJdbcConnectionAccess@746a1189] for (non-JTA) DDL execution was not in auto-commit mode; the Connection 'local transaction' will be committed and the Connection will be set into auto-commit mode.
26-01-15 15:25:22 [Catalina-utility-2] INFO  52ogger -HHH000490: Using JtaPlatform implementation: [org.hibernate.engine.transaction.jta.platform.internal.NoJtaPlatform]
26-01-15 15:25:27 [main] INFO  44ogger -HHH000412: Hibernate ORM core version 5.4.33
26-01-15 15:25:28 [main] WARN  60ogger -HHH020100: The Ehcache second-level cache provider for Hibernate is deprecated.  See https://hibernate.atlassian.net/browse/HHH-12441 for details.
26-01-15 15:25:28 [main] INFO  56ogger -HCANN000001: Hibernate Commons Annotations {5.1.2.Final}
26-01-15 15:25:28 [main] WARN  72ogger -HHH10001002: Using Hibernate built-in connection pool (not for production use!)
26-01-15 15:25:28 [main] INFO  115ogger -HHH10001005: using driver [com.mysql.cj.jdbc.Driver] at URL [jdbc:mysql://localhost:3306/nadra_system]
26-01-15 15:25:28 [main] INFO  124ogger -HHH10001001: Connection properties: {password=****, user=root}
26-01-15 15:25:28 [main] INFO  129ogger -HHH10001003: Autocommit mode: false
26-01-15 15:25:28 [main] INFO  259ogger -HHH000115: Hibernate connection pool size: 20 (min=1)
26-01-15 15:25:28 [main] INFO  175ogger -HHH000400: Using dialect: org.hibernate.dialect.MySQL5Dialect
26-01-15 15:25:28 [main] INFO  97ogger -Envers integration enabled? : true
26-01-15 15:25:30 [main] WARN  155ogger -HHH90001006: Missing cache[hibernate.cache.default-update-timestamps-region] was created on-the-fly. The created cache will use a provider-specific default configuration: make sure you defined one. You can disable this warning by setting 'hibernate.cache.ehcache.missing_cache_strategy' to 'create'.
26-01-15 15:25:30 [main] WARN  155ogger -HHH90001006: Missing cache[hibernate.cache.default-query-results-region] was created on-the-fly. The created cache will use a provider-specific default configuration: make sure you defined one. You can disable this warning by setting 'hibernate.cache.ehcache.missing_cache_strategy' to 'create'.
26-01-15 15:25:30 [main] WARN  155ogger -HHH90001006: Missing cache[hibernate.cache.com.entity.Countries] was created on-the-fly. The created cache will use a provider-specific default configuration: make sure you defined one. You can disable this warning by setting 'hibernate.cache.ehcache.missing_cache_strategy' to 'create'.
26-01-15 15:25:30 [main] WARN  155ogger -HHH90001006: Missing cache[hibernate.cache.com.entity.Districts] was created on-the-fly. The created cache will use a provider-specific default configuration: make sure you defined one. You can disable this warning by setting 'hibernate.cache.ehcache.missing_cache_strategy' to 'create'.
26-01-15 15:25:30 [main] WARN  155ogger -HHH90001006: Missing cache[hibernate.cache.com.entity.Users] was created on-the-fly. The created cache will use a provider-specific default configuration: make sure you defined one. You can disable this warning by setting 'hibernate.cache.ehcache.missing_cache_strategy' to 'create'.
26-01-15 15:25:30 [main] WARN  155ogger -HHH90001006: Missing cache[hibernate.cache.com.entity.LoggedIn] was created on-the-fly. The created cache will use a provider-specific default configuration: make sure you defined one. You can disable this warning by setting 'hibernate.cache.ehcache.missing_cache_strategy' to 'create'.
26-01-15 15:25:30 [main] WARN  155ogger -HHH90001006: Missing cache[hibernate.cache.com.entity.Provinces] was created on-the-fly. The created cache will use a provider-specific default configuration: make sure you defined one. You can disable this warning by setting 'hibernate.cache.ehcache.missing_cache_strategy' to 'create'.
26-01-15 15:25:31 [main] INFO  47ogger -HHH10001501: Connection obtained from JdbcConnectionAccess [org.hibernate.engine.jdbc.env.internal.JdbcEnvironmentInitiator$ConnectionProviderJdbcConnectionAccess@426fb1c3] for (non-JTA) DDL execution was not in auto-commit mode; the Connection 'local transaction' will be committed and the Connection will be set into auto-commit mode.
26-01-15 15:25:31 [main] INFO  52ogger -HHH000490: Using JtaPlatform implementation: [org.hibernate.engine.transaction.jta.platform.internal.NoJtaPlatform]
26-01-15 15:25:51 [http-nio-8080-exec-1] INFO  379ogger -User Login SuccessFully Ali IP Address Is :0:0:0:0:0:0:0:1
26-01-15 15:27:01 [http-nio-8080-exec-4] INFO  425ogger -Login From Another BrowserAli
26-01-15 15:27:09 [http-nio-8080-exec-3] INFO  449ogger -Logout SuccessFullAli
26-01-15 15:27:13 [http-nio-8080-exec-5] INFO  379ogger -User Login SuccessFully Ali IP Address Is :0:0:0:0:0:0:0:1
26-01-15 15:28:25 [http-nio-8080-exec-1] INFO  425ogger -Login From Another BrowserAli
26-01-15 15:28:30 [http-nio-8080-exec-6] INFO  449ogger -Logout SuccessFullAli
26-01-15 15:31:33 [main] INFO  44ogger -HHH000412: Hibernate ORM core version 5.4.33
26-01-15 15:31:34 [main] WARN  60ogger -HHH020100: The Ehcache second-level cache provider for Hibernate is deprecated.  See https://hibernate.atlassian.net/browse/HHH-12441 for details.
26-01-15 15:31:34 [main] INFO  56ogger -HCANN000001: Hibernate Commons Annotations {5.1.2.Final}
26-01-15 15:31:34 [main] WARN  72ogger -HHH10001002: Using Hibernate built-in connection pool (not for production use!)
26-01-15 15:31:34 [main] INFO  115ogger -HHH10001005: using driver [com.mysql.cj.jdbc.Driver] at URL [jdbc:mysql://localhost:3306/nadra_system]
26-01-15 15:31:34 [main] INFO  124ogger -HHH10001001: Connection properties: {password=****, user=root}
26-01-15 15:31:34 [main] INFO  129ogger -HHH10001003: Autocommit mode: false
26-01-15 15:31:34 [main] INFO  259ogger -HHH000115: Hibernate connection pool size: 20 (min=1)
26-01-15 15:31:35 [main] INFO  175ogger -HHH000400: Using dialect: org.hibernate.dialect.MySQL5Dialect
26-01-15 15:31:35 [main] INFO  97ogger -Envers integration enabled? : true
26-01-15 15:31:36 [main] WARN  155ogger -HHH90001006: Missing cache[hibernate.cache.default-update-timestamps-region] was created on-the-fly. The created cache will use a provider-specific default configuration: make sure you defined one. You can disable this warning by setting 'hibernate.cache.ehcache.missing_cache_strategy' to 'create'.
26-01-15 15:31:36 [main] WARN  155ogger -HHH90001006: Missing cache[hibernate.cache.default-query-results-region] was created on-the-fly. The created cache will use a provider-specific default configuration: make sure you defined one. You can disable this warning by setting 'hibernate.cache.ehcache.missing_cache_strategy' to 'create'.
26-01-15 15:31:36 [main] WARN  155ogger -HHH90001006: Missing cache[hibernate.cache.com.entity.Countries] was created on-the-fly. The created cache will use a provider-specific default configuration: make sure you defined one. You can disable this warning by setting 'hibernate.cache.ehcache.missing_cache_strategy' to 'create'.
26-01-15 15:31:36 [main] WARN  155ogger -HHH90001006: Missing cache[hibernate.cache.com.entity.Districts] was created on-the-fly. The created cache will use a provider-specific default configuration: make sure you defined one. You can disable this warning by setting 'hibernate.cache.ehcache.missing_cache_strategy' to 'create'.
26-01-15 15:31:36 [main] WARN  155ogger -HHH90001006: Missing cache[hibernate.cache.com.entity.Users] was created on-the-fly. The created cache will use a provider-specific default configuration: make sure you defined one. You can disable this warning by setting 'hibernate.cache.ehcache.missing_cache_strategy' to 'create'.
26-01-15 15:31:36 [main] WARN  155ogger -HHH90001006: Missing cache[hibernate.cache.com.entity.LoggedIn] was created on-the-fly. The created cache will use a provider-specific default configuration: make sure you defined one. You can disable this warning by setting 'hibernate.cache.ehcache.missing_cache_strategy' to 'create'.
26-01-15 15:31:36 [main] WARN  155ogger -HHH90001006: Missing cache[hibernate.cache.com.entity.Provinces] was created on-the-fly. The created cache will use a provider-specific default configuration: make sure you defined one. You can disable this warning by setting 'hibernate.cache.ehcache.missing_cache_strategy' to 'create'.
26-01-15 15:31:37 [main] INFO  47ogger -HHH10001501: Connection obtained from JdbcConnectionAccess [org.hibernate.engine.jdbc.env.internal.JdbcEnvironmentInitiator$ConnectionProviderJdbcConnectionAccess@426fb1c3] for (non-JTA) DDL execution was not in auto-commit mode; the Connection 'local transaction' will be committed and the Connection will be set into auto-commit mode.
26-01-15 15:31:37 [main] INFO  52ogger -HHH000490: Using JtaPlatform implementation: [org.hibernate.engine.transaction.jta.platform.internal.NoJtaPlatform]
26-01-15 15:31:45 [http-nio-8080-exec-3] INFO  379ogger -User Login SuccessFully Ali IP Address Is :0:0:0:0:0:0:0:1
26-01-15 15:33:21 [Catalina-utility-2] INFO  44ogger -HHH000412: Hibernate ORM core version 5.4.33
26-01-15 15:33:24 [Catalina-utility-2] WARN  60ogger -HHH020100: The Ehcache second-level cache provider for Hibernate is deprecated.  See https://hibernate.atlassian.net/browse/HHH-12441 for details.
26-01-15 15:33:24 [Catalina-utility-2] INFO  56ogger -HCANN000001: Hibernate Commons Annotations {5.1.2.Final}
26-01-15 15:33:25 [Catalina-utility-2] WARN  72ogger -HHH10001002: Using Hibernate built-in connection pool (not for production use!)
26-01-15 15:33:25 [Catalina-utility-2] INFO  115ogger -HHH10001005: using driver [com.mysql.cj.jdbc.Driver] at URL [jdbc:mysql://localhost:3306/nadra_system]
26-01-15 15:33:25 [Catalina-utility-2] INFO  124ogger -HHH10001001: Connection properties: {password=****, user=root}
26-01-15 15:33:25 [Catalina-utility-2] INFO  129ogger -HHH10001003: Autocommit mode: false
26-01-15 15:33:25 [Catalina-utility-2] INFO  259ogger -HHH000115: Hibernate connection pool size: 20 (min=1)
26-01-15 15:33:26 [Catalina-utility-2] INFO  175ogger -HHH000400: Using dialect: org.hibernate.dialect.MySQL5Dialect
26-01-15 15:33:27 [Catalina-utility-2] INFO  97ogger -Envers integration enabled? : true
26-01-15 15:33:31 [Catalina-utility-2] WARN  155ogger -HHH90001006: Missing cache[hibernate.cache.default-update-timestamps-region] was created on-the-fly. The created cache will use a provider-specific default configuration: make sure you defined one. You can disable this warning by setting 'hibernate.cache.ehcache.missing_cache_strategy' to 'create'.
26-01-15 15:33:31 [Catalina-utility-2] WARN  155ogger -HHH90001006: Missing cache[hibernate.cache.default-query-results-region] was created on-the-fly. The created cache will use a provider-specific default configuration: make sure you defined one. You can disable this warning by setting 'hibernate.cache.ehcache.missing_cache_strategy' to 'create'.
26-01-15 15:33:32 [Catalina-utility-2] WARN  155ogger -HHH90001006: Missing cache[hibernate.cache.com.entity.Provinces] was created on-the-fly. The created cache will use a provider-specific default configuration: make sure you defined one. You can disable this warning by setting 'hibernate.cache.ehcache.missing_cache_strategy' to 'create'.
26-01-15 15:33:32 [Catalina-utility-2] WARN  155ogger -HHH90001006: Missing cache[hibernate.cache.com.entity.LoggedIn] was created on-the-fly. The created cache will use a provider-specific default configuration: make sure you defined one. You can disable this warning by setting 'hibernate.cache.ehcache.missing_cache_strategy' to 'create'.
26-01-15 15:33:32 [Catalina-utility-2] WARN  155ogger -HHH90001006: Missing cache[hibernate.cache.com.entity.Users] was created on-the-fly. The created cache will use a provider-specific default configuration: make sure you defined one. You can disable this warning by setting 'hibernate.cache.ehcache.missing_cache_strategy' to 'create'.
26-01-15 15:33:32 [Catalina-utility-2] WARN  155ogger -HHH90001006: Missing cache[hibernate.cache.com.entity.Districts] was created on-the-fly. The created cache will use a provider-specific default configuration: make sure you defined one. You can disable this warning by setting 'hibernate.cache.ehcache.missing_cache_strategy' to 'create'.
26-01-15 15:33:32 [Catalina-utility-2] WARN  155ogger -HHH90001006: Missing cache[hibernate.cache.com.entity.Countries] was created on-the-fly. The created cache will use a provider-specific default configuration: make sure you defined one. You can disable this warning by setting 'hibernate.cache.ehcache.missing_cache_strategy' to 'create'.
26-01-15 15:33:34 [Catalina-utility-2] INFO  47ogger -HHH10001501: Connection obtained from JdbcConnectionAccess [org.hibernate.engine.jdbc.env.internal.JdbcEnvironmentInitiator$ConnectionProviderJdbcConnectionAccess@520635fa] for (non-JTA) DDL execution was not in auto-commit mode; the Connection 'local transaction' will be committed and the Connection will be set into auto-commit mode.
26-01-15 15:33:35 [Catalina-utility-2] INFO  52ogger -HHH000490: Using JtaPlatform implementation: [org.hibernate.engine.transaction.jta.platform.internal.NoJtaPlatform]
26-01-15 15:33:39 [http-nio-8080-exec-7] INFO  425ogger -Login From Another BrowserAli
26-01-15 15:35:58 [main] INFO  44ogger -HHH000412: Hibernate ORM core version 5.4.33
26-01-15 15:36:00 [main] WARN  60ogger -HHH020100: The Ehcache second-level cache provider for Hibernate is deprecated.  See https://hibernate.atlassian.net/browse/HHH-12441 for details.
26-01-15 15:36:00 [main] INFO  56ogger -HCANN000001: Hibernate Commons Annotations {5.1.2.Final}
26-01-15 15:36:00 [main] WARN  72ogger -HHH10001002: Using Hibernate built-in connection pool (not for production use!)
26-01-15 15:36:00 [main] INFO  115ogger -HHH10001005: using driver [com.mysql.cj.jdbc.Driver] at URL [jdbc:mysql://localhost:3306/nadra_system]
26-01-15 15:36:00 [main] INFO  124ogger -HHH10001001: Connection properties: {password=****, user=root}
26-01-15 15:36:00 [main] INFO  129ogger -HHH10001003: Autocommit mode: false
26-01-15 15:36:00 [main] INFO  259ogger -HHH000115: Hibernate connection pool size: 20 (min=1)
26-01-15 15:36:01 [main] INFO  175ogger -HHH000400: Using dialect: org.hibernate.dialect.MySQL5Dialect
26-01-15 15:36:01 [main] INFO  97ogger -Envers integration enabled? : true
26-01-15 15:36:04 [main] WARN  155ogger -HHH90001006: Missing cache[hibernate.cache.default-update-timestamps-region] was created on-the-fly. The created cache will use a provider-specific default configuration: make sure you defined one. You can disable this warning by setting 'hibernate.cache.ehcache.missing_cache_strategy' to 'create'.
26-01-15 15:36:04 [main] WARN  155ogger -HHH90001006: Missing cache[hibernate.cache.default-query-results-region] was created on-the-fly. The created cache will use a provider-specific default configuration: make sure you defined one. You can disable this warning by setting 'hibernate.cache.ehcache.missing_cache_strategy' to 'create'.
26-01-15 15:36:04 [main] WARN  155ogger -HHH90001006: Missing cache[hibernate.cache.com.entity.Provinces] was created on-the-fly. The created cache will use a provider-specific default configuration: make sure you defined one. You can disable this warning by setting 'hibernate.cache.ehcache.missing_cache_strategy' to 'create'.
26-01-15 15:36:04 [main] WARN  155ogger -HHH90001006: Missing cache[hibernate.cache.com.entity.Countries] was created on-the-fly. The created cache will use a provider-specific default configuration: make sure you defined one. You can disable this warning by setting 'hibernate.cache.ehcache.missing_cache_strategy' to 'create'.
26-01-15 15:36:04 [main] WARN  155ogger -HHH90001006: Missing cache[hibernate.cache.com.entity.LoggedIn] was created on-the-fly. The created cache will use a provider-specific default configuration: make sure you defined one. You can disable this warning by setting 'hibernate.cache.ehcache.missing_cache_strategy' to 'create'.
26-01-15 15:36:04 [main] WARN  155ogger -HHH90001006: Missing cache[hibernate.cache.com.entity.Users] was created on-the-fly. The created cache will use a provider-specific default configuration: make sure you defined one. You can disable this warning by setting 'hibernate.cache.ehcache.missing_cache_strategy' to 'create'.
26-01-15 15:36:04 [main] WARN  155ogger -HHH90001006: Missing cache[hibernate.cache.com.entity.Districts] was created on-the-fly. The created cache will use a provider-specific default configuration: make sure you defined one. You can disable this warning by setting 'hibernate.cache.ehcache.missing_cache_strategy' to 'create'.
26-01-15 15:36:06 [main] INFO  47ogger -HHH10001501: Connection obtained from JdbcConnectionAccess [org.hibernate.engine.jdbc.env.internal.JdbcEnvironmentInitiator$ConnectionProviderJdbcConnectionAccess@420307f9] for (non-JTA) DDL execution was not in auto-commit mode; the Connection 'local transaction' will be committed and the Connection will be set into auto-commit mode.
26-01-15 15:36:06 [main] INFO  52ogger -HHH000490: Using JtaPlatform implementation: [org.hibernate.engine.transaction.jta.platform.internal.NoJtaPlatform]
26-01-15 15:36:36 [http-nio-8080-exec-7] INFO  379ogger -User Login SuccessFully Ali IP Address Is :0:0:0:0:0:0:0:1
26-01-15 15:38:25 [Catalina-utility-2] INFO  44ogger -HHH000412: Hibernate ORM core version 5.4.33
26-01-15 15:38:26 [Catalina-utility-2] WARN  60ogger -HHH020100: The Ehcache second-level cache provider for Hibernate is deprecated.  See https://hibernate.atlassian.net/browse/HHH-12441 for details.
26-01-15 15:38:26 [Catalina-utility-2] INFO  56ogger -HCANN000001: Hibernate Commons Annotations {5.1.2.Final}
26-01-15 15:38:27 [Catalina-utility-2] WARN  72ogger -HHH10001002: Using Hibernate built-in connection pool (not for production use!)
26-01-15 15:38:27 [Catalina-utility-2] INFO  115ogger -HHH10001005: using driver [com.mysql.cj.jdbc.Driver] at URL [jdbc:mysql://localhost:3306/nadra_system]
26-01-15 15:38:27 [Catalina-utility-2] INFO  124ogger -HHH10001001: Connection properties: {password=****, user=root}
26-01-15 15:38:27 [Catalina-utility-2] INFO  129ogger -HHH10001003: Autocommit mode: false
26-01-15 15:38:27 [Catalina-utility-2] INFO  259ogger -HHH000115: Hibernate connection pool size: 20 (min=1)
26-01-15 15:38:27 [Catalina-utility-2] INFO  175ogger -HHH000400: Using dialect: org.hibernate.dialect.MySQL5Dialect
26-01-15 15:38:27 [Catalina-utility-2] INFO  97ogger -Envers integration enabled? : true
26-01-15 15:38:29 [Catalina-utility-2] WARN  155ogger -HHH90001006: Missing cache[hibernate.cache.default-update-timestamps-region] was created on-the-fly. The created cache will use a provider-specific default configuration: make sure you defined one. You can disable this warning by setting 'hibernate.cache.ehcache.missing_cache_strategy' to 'create'.
26-01-15 15:38:29 [Catalina-utility-2] WARN  155ogger -HHH90001006: Missing cache[hibernate.cache.default-query-results-region] was created on-the-fly. The created cache will use a provider-specific default configuration: make sure you defined one. You can disable this warning by setting 'hibernate.cache.ehcache.missing_cache_strategy' to 'create'.
26-01-15 15:38:30 [Catalina-utility-2] WARN  155ogger -HHH90001006: Missing cache[hibernate.cache.com.entity.Districts] was created on-the-fly. The created cache will use a provider-specific default configuration: make sure you defined one. You can disable this warning by setting 'hibernate.cache.ehcache.missing_cache_strategy' to 'create'.
26-01-15 15:38:30 [Catalina-utility-2] WARN  155ogger -HHH90001006: Missing cache[hibernate.cache.com.entity.Countries] was created on-the-fly. The created cache will use a provider-specific default configuration: make sure you defined one. You can disable this warning by setting 'hibernate.cache.ehcache.missing_cache_strategy' to 'create'.
26-01-15 15:38:30 [Catalina-utility-2] WARN  155ogger -HHH90001006: Missing cache[hibernate.cache.com.entity.LoggedIn] was created on-the-fly. The created cache will use a provider-specific default configuration: make sure you defined one. You can disable this warning by setting 'hibernate.cache.ehcache.missing_cache_strategy' to 'create'.
26-01-15 15:38:30 [Catalina-utility-2] WARN  155ogger -HHH90001006: Missing cache[hibernate.cache.com.entity.Provinces] was created on-the-fly. The created cache will use a provider-specific default configuration: make sure you defined one. You can disable this warning by setting 'hibernate.cache.ehcache.missing_cache_strategy' to 'create'.
26-01-15 15:38:30 [Catalina-utility-2] WARN  155ogger -HHH90001006: Missing cache[hibernate.cache.com.entity.Users] was created on-the-fly. The created cache will use a provider-specific default configuration: make sure you defined one. You can disable this warning by setting 'hibernate.cache.ehcache.missing_cache_strategy' to 'create'.
26-01-15 15:38:31 [Catalina-utility-2] INFO  47ogger -HHH10001501: Connection obtained from JdbcConnectionAccess [org.hibernate.engine.jdbc.env.internal.JdbcEnvironmentInitiator$ConnectionProviderJdbcConnectionAccess@50318c87] for (non-JTA) DDL execution was not in auto-commit mode; the Connection 'local transaction' will be committed and the Connection will be set into auto-commit mode.
26-01-15 15:38:31 [Catalina-utility-2] INFO  52ogger -HHH000490: Using JtaPlatform implementation: [org.hibernate.engine.transaction.jta.platform.internal.NoJtaPlatform]
26-01-15 15:38:40 [http-nio-8080-exec-3] INFO  379ogger -User Login SuccessFully Ali IP Address Is :0:0:0:0:0:0:0:1
26-01-15 15:49:23 [main] INFO  44ogger -HHH000412: Hibernate ORM core version 5.4.33
26-01-15 15:49:24 [main] WARN  60ogger -HHH020100: The Ehcache second-level cache provider for Hibernate is deprecated.  See https://hibernate.atlassian.net/browse/HHH-12441 for details.
26-01-15 15:49:24 [main] INFO  56ogger -HCANN000001: Hibernate Commons Annotations {5.1.2.Final}
26-01-15 15:49:24 [main] WARN  72ogger -HHH10001002: Using Hibernate built-in connection pool (not for production use!)
26-01-15 15:49:24 [main] INFO  115ogger -HHH10001005: using driver [com.mysql.cj.jdbc.Driver] at URL [jdbc:mysql://localhost:3306/nadra_system]
26-01-15 15:49:24 [main] INFO  124ogger -HHH10001001: Connection properties: {password=****, user=root}
26-01-15 15:49:24 [main] INFO  129ogger -HHH10001003: Autocommit mode: false
26-01-15 15:49:24 [main] INFO  259ogger -HHH000115: Hibernate connection pool size: 20 (min=1)
26-01-15 15:49:25 [main] INFO  175ogger -HHH000400: Using dialect: org.hibernate.dialect.MySQL5Dialect
26-01-15 15:49:25 [main] INFO  97ogger -Envers integration enabled? : true
26-01-15 15:49:26 [main] WARN  155ogger -HHH90001006: Missing cache[hibernate.cache.default-update-timestamps-region] was created on-the-fly. The created cache will use a provider-specific default configuration: make sure you defined one. You can disable this warning by setting 'hibernate.cache.ehcache.missing_cache_strategy' to 'create'.
26-01-15 15:49:26 [main] WARN  155ogger -HHH90001006: Missing cache[hibernate.cache.default-query-results-region] was created on-the-fly. The created cache will use a provider-specific default configuration: make sure you defined one. You can disable this warning by setting 'hibernate.cache.ehcache.missing_cache_strategy' to 'create'.
26-01-15 15:49:26 [main] WARN  155ogger -HHH90001006: Missing cache[hibernate.cache.com.entity.Users] was created on-the-fly. The created cache will use a provider-specific default configuration: make sure you defined one. You can disable this warning by setting 'hibernate.cache.ehcache.missing_cache_strategy' to 'create'.
26-01-15 15:49:26 [main] WARN  155ogger -HHH90001006: Missing cache[hibernate.cache.com.entity.Provinces] was created on-the-fly. The created cache will use a provider-specific default configuration: make sure you defined one. You can disable this warning by setting 'hibernate.cache.ehcache.missing_cache_strategy' to 'create'.
26-01-15 15:49:26 [main] WARN  155ogger -HHH90001006: Missing cache[hibernate.cache.com.entity.Countries] was created on-the-fly. The created cache will use a provider-specific default configuration: make sure you defined one. You can disable this warning by setting 'hibernate.cache.ehcache.missing_cache_strategy' to 'create'.
26-01-15 15:49:26 [main] WARN  155ogger -HHH90001006: Missing cache[hibernate.cache.com.entity.Districts] was created on-the-fly. The created cache will use a provider-specific default configuration: make sure you defined one. You can disable this warning by setting 'hibernate.cache.ehcache.missing_cache_strategy' to 'create'.
26-01-15 15:49:26 [main] WARN  155ogger -HHH90001006: Missing cache[hibernate.cache.com.entity.LoggedIn] was created on-the-fly. The created cache will use a provider-specific default configuration: make sure you defined one. You can disable this warning by setting 'hibernate.cache.ehcache.missing_cache_strategy' to 'create'.
26-01-15 15:49:27 [main] INFO  47ogger -HHH10001501: Connection obtained from JdbcConnectionAccess [org.hibernate.engine.jdbc.env.internal.JdbcEnvironmentInitiator$ConnectionProviderJdbcConnectionAccess@f758e05] for (non-JTA) DDL execution was not in auto-commit mode; the Connection 'local transaction' will be committed and the Connection will be set into auto-commit mode.
26-01-15 15:49:28 [main] INFO  52ogger -HHH000490: Using JtaPlatform implementation: [org.hibernate.engine.transaction.jta.platform.internal.NoJtaPlatform]
26-01-15 15:50:10 [Catalina-utility-2] INFO  44ogger -HHH000412: Hibernate ORM core version 5.4.33
26-01-15 15:50:11 [Catalina-utility-2] WARN  60ogger -HHH020100: The Ehcache second-level cache provider for Hibernate is deprecated.  See https://hibernate.atlassian.net/browse/HHH-12441 for details.
26-01-15 15:50:11 [Catalina-utility-2] INFO  56ogger -HCANN000001: Hibernate Commons Annotations {5.1.2.Final}
26-01-15 15:50:12 [Catalina-utility-2] WARN  72ogger -HHH10001002: Using Hibernate built-in connection pool (not for production use!)
26-01-15 15:50:12 [Catalina-utility-2] INFO  115ogger -HHH10001005: using driver [com.mysql.cj.jdbc.Driver] at URL [jdbc:mysql://localhost:3306/nadra_system]
26-01-15 15:50:12 [Catalina-utility-2] INFO  124ogger -HHH10001001: Connection properties: {password=****, user=root}
26-01-15 15:50:12 [Catalina-utility-2] INFO  129ogger -HHH10001003: Autocommit mode: false
26-01-15 15:50:12 [Catalina-utility-2] INFO  259ogger -HHH000115: Hibernate connection pool size: 20 (min=1)
26-01-15 15:50:12 [Catalina-utility-2] INFO  175ogger -HHH000400: Using dialect: org.hibernate.dialect.MySQL5Dialect
26-01-15 15:50:13 [Catalina-utility-2] INFO  97ogger -Envers integration enabled? : true
26-01-15 15:50:15 [Catalina-utility-2] WARN  155ogger -HHH90001006: Missing cache[hibernate.cache.default-update-timestamps-region] was created on-the-fly. The created cache will use a provider-specific default configuration: make sure you defined one. You can disable this warning by setting 'hibernate.cache.ehcache.missing_cache_strategy' to 'create'.
26-01-15 15:50:15 [Catalina-utility-2] WARN  155ogger -HHH90001006: Missing cache[hibernate.cache.default-query-results-region] was created on-the-fly. The created cache will use a provider-specific default configuration: make sure you defined one. You can disable this warning by setting 'hibernate.cache.ehcache.missing_cache_strategy' to 'create'.
26-01-15 15:50:16 [Catalina-utility-2] WARN  155ogger -HHH90001006: Missing cache[hibernate.cache.com.entity.Users] was created on-the-fly. The created cache will use a provider-specific default configuration: make sure you defined one. You can disable this warning by setting 'hibernate.cache.ehcache.missing_cache_strategy' to 'create'.
26-01-15 15:50:16 [Catalina-utility-2] WARN  155ogger -HHH90001006: Missing cache[hibernate.cache.com.entity.Provinces] was created on-the-fly. The created cache will use a provider-specific default configuration: make sure you defined one. You can disable this warning by setting 'hibernate.cache.ehcache.missing_cache_strategy' to 'create'.
26-01-15 15:50:16 [Catalina-utility-2] WARN  155ogger -HHH90001006: Missing cache[hibernate.cache.com.entity.Countries] was created on-the-fly. The created cache will use a provider-specific default configuration: make sure you defined one. You can disable this warning by setting 'hibernate.cache.ehcache.missing_cache_strategy' to 'create'.
26-01-15 15:50:16 [Catalina-utility-2] WARN  155ogger -HHH90001006: Missing cache[hibernate.cache.com.entity.LoggedIn] was created on-the-fly. The created cache will use a provider-specific default configuration: make sure you defined one. You can disable this warning by setting 'hibernate.cache.ehcache.missing_cache_strategy' to 'create'.
26-01-15 15:50:16 [Catalina-utility-2] WARN  155ogger -HHH90001006: Missing cache[hibernate.cache.com.entity.Districts] was created on-the-fly. The created cache will use a provider-specific default configuration: make sure you defined one. You can disable this warning by setting 'hibernate.cache.ehcache.missing_cache_strategy' to 'create'.
26-01-15 15:50:16 [Catalina-utility-2] INFO  47ogger -HHH10001501: Connection obtained from JdbcConnectionAccess [org.hibernate.engine.jdbc.env.internal.JdbcEnvironmentInitiator$ConnectionProviderJdbcConnectionAccess@6622b52c] for (non-JTA) DDL execution was not in auto-commit mode; the Connection 'local transaction' will be committed and the Connection will be set into auto-commit mode.
26-01-15 15:50:16 [Catalina-utility-2] INFO  52ogger -HHH000490: Using JtaPlatform implementation: [org.hibernate.engine.transaction.jta.platform.internal.NoJtaPlatform]
26-01-15 15:50:18 [http-nio-8080-exec-8] INFO  379ogger -User Login SuccessFully Ali IP Address Is :0:0:0:0:0:0:0:1
26-01-15 15:50:50 [http-nio-8080-exec-1] WARN  328ogger -Invalid CrendentialsnullPasswordnull
26-01-15 15:55:13 [Catalina-utility-1] INFO  44ogger -HHH000412: Hibernate ORM core version 5.4.33
26-01-15 15:55:14 [Catalina-utility-1] WARN  60ogger -HHH020100: The Ehcache second-level cache provider for Hibernate is deprecated.  See https://hibernate.atlassian.net/browse/HHH-12441 for details.
26-01-15 15:55:14 [Catalina-utility-1] INFO  56ogger -HCANN000001: Hibernate Commons Annotations {5.1.2.Final}
26-01-15 15:55:14 [Catalina-utility-1] WARN  72ogger -HHH10001002: Using Hibernate built-in connection pool (not for production use!)
26-01-15 15:55:14 [Catalina-utility-1] INFO  115ogger -HHH10001005: using driver [com.mysql.cj.jdbc.Driver] at URL [jdbc:mysql://localhost:3306/nadra_system]
26-01-15 15:55:14 [Catalina-utility-1] INFO  124ogger -HHH10001001: Connection properties: {password=****, user=root}
26-01-15 15:55:14 [Catalina-utility-1] INFO  129ogger -HHH10001003: Autocommit mode: false
26-01-15 15:55:14 [Catalina-utility-1] INFO  259ogger -HHH000115: Hibernate connection pool size: 20 (min=1)
26-01-15 15:55:15 [Catalina-utility-1] INFO  175ogger -HHH000400: Using dialect: org.hibernate.dialect.MySQL5Dialect
26-01-15 15:55:15 [Catalina-utility-1] INFO  97ogger -Envers integration enabled? : true
26-01-15 15:55:18 [Catalina-utility-1] WARN  155ogger -HHH90001006: Missing cache[hibernate.cache.default-update-timestamps-region] was created on-the-fly. The created cache will use a provider-specific default configuration: make sure you defined one. You can disable this warning by setting 'hibernate.cache.ehcache.missing_cache_strategy' to 'create'.
26-01-15 15:55:18 [Catalina-utility-1] WARN  155ogger -HHH90001006: Missing cache[hibernate.cache.default-query-results-region] was created on-the-fly. The created cache will use a provider-specific default configuration: make sure you defined one. You can disable this warning by setting 'hibernate.cache.ehcache.missing_cache_strategy' to 'create'.
26-01-15 15:55:18 [Catalina-utility-1] WARN  155ogger -HHH90001006: Missing cache[hibernate.cache.com.entity.Users] was created on-the-fly. The created cache will use a provider-specific default configuration: make sure you defined one. You can disable this warning by setting 'hibernate.cache.ehcache.missing_cache_strategy' to 'create'.
26-01-15 15:55:18 [Catalina-utility-1] WARN  155ogger -HHH90001006: Missing cache[hibernate.cache.com.entity.Provinces] was created on-the-fly. The created cache will use a provider-specific default configuration: make sure you defined one. You can disable this warning by setting 'hibernate.cache.ehcache.missing_cache_strategy' to 'create'.
26-01-15 15:55:18 [Catalina-utility-1] WARN  155ogger -HHH90001006: Missing cache[hibernate.cache.com.entity.Districts] was created on-the-fly. The created cache will use a provider-specific default configuration: make sure you defined one. You can disable this warning by setting 'hibernate.cache.ehcache.missing_cache_strategy' to 'create'.
26-01-15 15:55:18 [Catalina-utility-1] WARN  155ogger -HHH90001006: Missing cache[hibernate.cache.com.entity.LoggedIn] was created on-the-fly. The created cache will use a provider-specific default configuration: make sure you defined one. You can disable this warning by setting 'hibernate.cache.ehcache.missing_cache_strategy' to 'create'.
26-01-15 15:55:18 [Catalina-utility-1] WARN  155ogger -HHH90001006: Missing cache[hibernate.cache.com.entity.Countries] was created on-the-fly. The created cache will use a provider-specific default configuration: make sure you defined one. You can disable this warning by setting 'hibernate.cache.ehcache.missing_cache_strategy' to 'create'.
26-01-15 15:55:20 [Catalina-utility-1] INFO  47ogger -HHH10001501: Connection obtained from JdbcConnectionAccess [org.hibernate.engine.jdbc.env.internal.JdbcEnvironmentInitiator$ConnectionProviderJdbcConnectionAccess@5d572017] for (non-JTA) DDL execution was not in auto-commit mode; the Connection 'local transaction' will be committed and the Connection will be set into auto-commit mode.
26-01-15 15:55:20 [Catalina-utility-1] INFO  52ogger -HHH000490: Using JtaPlatform implementation: [org.hibernate.engine.transaction.jta.platform.internal.NoJtaPlatform]
26-01-15 15:56:20 [Catalina-utility-2] INFO  44ogger -HHH000412: Hibernate ORM core version 5.4.33
26-01-15 15:56:21 [Catalina-utility-2] WARN  60ogger -HHH020100: The Ehcache second-level cache provider for Hibernate is deprecated.  See https://hibernate.atlassian.net/browse/HHH-12441 for details.
26-01-15 15:56:21 [Catalina-utility-2] INFO  56ogger -HCANN000001: Hibernate Commons Annotations {5.1.2.Final}
26-01-15 15:56:21 [Catalina-utility-2] WARN  72ogger -HHH10001002: Using Hibernate built-in connection pool (not for production use!)
26-01-15 15:56:21 [Catalina-utility-2] INFO  115ogger -HHH10001005: using driver [com.mysql.cj.jdbc.Driver] at URL [jdbc:mysql://localhost:3306/nadra_system]
26-01-15 15:56:21 [Catalina-utility-2] INFO  124ogger -HHH10001001: Connection properties: {password=****, user=root}
26-01-15 15:56:21 [Catalina-utility-2] INFO  129ogger -HHH10001003: Autocommit mode: false
26-01-15 15:56:21 [Catalina-utility-2] INFO  259ogger -HHH000115: Hibernate connection pool size: 20 (min=1)
26-01-15 15:56:22 [Catalina-utility-2] INFO  175ogger -HHH000400: Using dialect: org.hibernate.dialect.MySQL5Dialect
26-01-15 15:56:22 [Catalina-utility-2] INFO  97ogger -Envers integration enabled? : true
26-01-15 15:56:23 [Catalina-utility-2] WARN  155ogger -HHH90001006: Missing cache[hibernate.cache.default-update-timestamps-region] was created on-the-fly. The created cache will use a provider-specific default configuration: make sure you defined one. You can disable this warning by setting 'hibernate.cache.ehcache.missing_cache_strategy' to 'create'.
26-01-15 15:56:23 [Catalina-utility-2] WARN  155ogger -HHH90001006: Missing cache[hibernate.cache.default-query-results-region] was created on-the-fly. The created cache will use a provider-specific default configuration: make sure you defined one. You can disable this warning by setting 'hibernate.cache.ehcache.missing_cache_strategy' to 'create'.
26-01-15 15:56:23 [Catalina-utility-2] WARN  155ogger -HHH90001006: Missing cache[hibernate.cache.com.entity.Districts] was created on-the-fly. The created cache will use a provider-specific default configuration: make sure you defined one. You can disable this warning by setting 'hibernate.cache.ehcache.missing_cache_strategy' to 'create'.
26-01-15 15:56:23 [Catalina-utility-2] WARN  155ogger -HHH90001006: Missing cache[hibernate.cache.com.entity.Countries] was created on-the-fly. The created cache will use a provider-specific default configuration: make sure you defined one. You can disable this warning by setting 'hibernate.cache.ehcache.missing_cache_strategy' to 'create'.
26-01-15 15:56:23 [Catalina-utility-2] WARN  155ogger -HHH90001006: Missing cache[hibernate.cache.com.entity.LoggedIn] was created on-the-fly. The created cache will use a provider-specific default configuration: make sure you defined one. You can disable this warning by setting 'hibernate.cache.ehcache.missing_cache_strategy' to 'create'.
26-01-15 15:56:23 [Catalina-utility-2] WARN  155ogger -HHH90001006: Missing cache[hibernate.cache.com.entity.Users] was created on-the-fly. The created cache will use a provider-specific default configuration: make sure you defined one. You can disable this warning by setting 'hibernate.cache.ehcache.missing_cache_strategy' to 'create'.
26-01-15 15:56:23 [Catalina-utility-2] WARN  155ogger -HHH90001006: Missing cache[hibernate.cache.com.entity.Provinces] was created on-the-fly. The created cache will use a provider-specific default configuration: make sure you defined one. You can disable this warning by setting 'hibernate.cache.ehcache.missing_cache_strategy' to 'create'.
26-01-15 15:56:23 [Catalina-utility-2] INFO  47ogger -HHH10001501: Connection obtained from JdbcConnectionAccess [org.hibernate.engine.jdbc.env.internal.JdbcEnvironmentInitiator$ConnectionProviderJdbcConnectionAccess@5350441d] for (non-JTA) DDL execution was not in auto-commit mode; the Connection 'local transaction' will be committed and the Connection will be set into auto-commit mode.
26-01-15 15:56:24 [Catalina-utility-2] INFO  52ogger -HHH000490: Using JtaPlatform implementation: [org.hibernate.engine.transaction.jta.platform.internal.NoJtaPlatform]
26-01-15 15:56:56 [http-nio-8080-exec-24] INFO  379ogger -User Login SuccessFully Ali IP Address Is :0:0:0:0:0:0:0:1
26-01-15 15:58:59 [Catalina-utility-2] INFO  44ogger -HHH000412: Hibernate ORM core version 5.4.33
26-01-15 15:59:01 [Catalina-utility-2] WARN  60ogger -HHH020100: The Ehcache second-level cache provider for Hibernate is deprecated.  See https://hibernate.atlassian.net/browse/HHH-12441 for details.
26-01-15 15:59:01 [Catalina-utility-2] INFO  56ogger -HCANN000001: Hibernate Commons Annotations {5.1.2.Final}
26-01-15 15:59:01 [Catalina-utility-2] WARN  72ogger -HHH10001002: Using Hibernate built-in connection pool (not for production use!)
26-01-15 15:59:01 [Catalina-utility-2] INFO  115ogger -HHH10001005: using driver [com.mysql.cj.jdbc.Driver] at URL [jdbc:mysql://localhost:3306/nadra_system]
26-01-15 15:59:01 [Catalina-utility-2] INFO  124ogger -HHH10001001: Connection properties: {password=****, user=root}
26-01-15 15:59:01 [Catalina-utility-2] INFO  129ogger -HHH10001003: Autocommit mode: false
26-01-15 15:59:01 [Catalina-utility-2] INFO  259ogger -HHH000115: Hibernate connection pool size: 20 (min=1)
26-01-15 15:59:01 [Catalina-utility-2] INFO  175ogger -HHH000400: Using dialect: org.hibernate.dialect.MySQL5Dialect
26-01-15 15:59:01 [Catalina-utility-2] INFO  97ogger -Envers integration enabled? : true
26-01-15 15:59:03 [Catalina-utility-2] WARN  155ogger -HHH90001006: Missing cache[hibernate.cache.default-update-timestamps-region] was created on-the-fly. The created cache will use a provider-specific default configuration: make sure you defined one. You can disable this warning by setting 'hibernate.cache.ehcache.missing_cache_strategy' to 'create'.
26-01-15 15:59:03 [Catalina-utility-2] WARN  155ogger -HHH90001006: Missing cache[hibernate.cache.default-query-results-region] was created on-the-fly. The created cache will use a provider-specific default configuration: make sure you defined one. You can disable this warning by setting 'hibernate.cache.ehcache.missing_cache_strategy' to 'create'.
26-01-15 15:59:03 [Catalina-utility-2] WARN  155ogger -HHH90001006: Missing cache[hibernate.cache.com.entity.LoggedIn] was created on-the-fly. The created cache will use a provider-specific default configuration: make sure you defined one. You can disable this warning by setting 'hibernate.cache.ehcache.missing_cache_strategy' to 'create'.
26-01-15 15:59:03 [Catalina-utility-2] WARN  155ogger -HHH90001006: Missing cache[hibernate.cache.com.entity.Countries] was created on-the-fly. The created cache will use a provider-specific default configuration: make sure you defined one. You can disable this warning by setting 'hibernate.cache.ehcache.missing_cache_strategy' to 'create'.
26-01-15 15:59:03 [Catalina-utility-2] WARN  155ogger -HHH90001006: Missing cache[hibernate.cache.com.entity.Provinces] was created on-the-fly. The created cache will use a provider-specific default configuration: make sure you defined one. You can disable this warning by setting 'hibernate.cache.ehcache.missing_cache_strategy' to 'create'.
26-01-15 15:59:03 [Catalina-utility-2] WARN  155ogger -HHH90001006: Missing cache[hibernate.cache.com.entity.Districts] was created on-the-fly. The created cache will use a provider-specific default configuration: make sure you defined one. You can disable this warning by setting 'hibernate.cache.ehcache.missing_cache_strategy' to 'create'.
26-01-15 15:59:03 [Catalina-utility-2] WARN  155ogger -HHH90001006: Missing cache[hibernate.cache.com.entity.Users] was created on-the-fly. The created cache will use a provider-specific default configuration: make sure you defined one. You can disable this warning by setting 'hibernate.cache.ehcache.missing_cache_strategy' to 'create'.
26-01-15 15:59:05 [Catalina-utility-2] INFO  47ogger -HHH10001501: Connection obtained from JdbcConnectionAccess [org.hibernate.engine.jdbc.env.internal.JdbcEnvironmentInitiator$ConnectionProviderJdbcConnectionAccess@5457af97] for (non-JTA) DDL execution was not in auto-commit mode; the Connection 'local transaction' will be committed and the Connection will be set into auto-commit mode.
26-01-15 15:59:05 [Catalina-utility-2] INFO  52ogger -HHH000490: Using JtaPlatform implementation: [org.hibernate.engine.transaction.jta.platform.internal.NoJtaPlatform]
26-01-15 15:59:19 [Catalina-utility-1] INFO  44ogger -HHH000412: Hibernate ORM core version 5.4.33
26-01-15 15:59:20 [Catalina-utility-1] WARN  60ogger -HHH020100: The Ehcache second-level cache provider for Hibernate is deprecated.  See https://hibernate.atlassian.net/browse/HHH-12441 for details.
26-01-15 15:59:21 [Catalina-utility-1] INFO  56ogger -HCANN000001: Hibernate Commons Annotations {5.1.2.Final}
26-01-15 15:59:21 [Catalina-utility-1] WARN  72ogger -HHH10001002: Using Hibernate built-in connection pool (not for production use!)
26-01-15 15:59:21 [Catalina-utility-1] INFO  115ogger -HHH10001005: using driver [com.mysql.cj.jdbc.Driver] at URL [jdbc:mysql://localhost:3306/nadra_system]
26-01-15 15:59:21 [Catalina-utility-1] INFO  124ogger -HHH10001001: Connection properties: {password=****, user=root}
26-01-15 15:59:21 [Catalina-utility-1] INFO  129ogger -HHH10001003: Autocommit mode: false
26-01-15 15:59:21 [Catalina-utility-1] INFO  259ogger -HHH000115: Hibernate connection pool size: 20 (min=1)
26-01-15 15:59:21 [Catalina-utility-1] INFO  175ogger -HHH000400: Using dialect: org.hibernate.dialect.MySQL5Dialect
26-01-15 15:59:21 [Catalina-utility-1] INFO  97ogger -Envers integration enabled? : true
26-01-15 15:59:23 [Catalina-utility-1] WARN  155ogger -HHH90001006: Missing cache[hibernate.cache.default-update-timestamps-region] was created on-the-fly. The created cache will use a provider-specific default configuration: make sure you defined one. You can disable this warning by setting 'hibernate.cache.ehcache.missing_cache_strategy' to 'create'.
26-01-15 15:59:23 [Catalina-utility-1] WARN  155ogger -HHH90001006: Missing cache[hibernate.cache.default-query-results-region] was created on-the-fly. The created cache will use a provider-specific default configuration: make sure you defined one. You can disable this warning by setting 'hibernate.cache.ehcache.missing_cache_strategy' to 'create'.
26-01-15 15:59:23 [Catalina-utility-1] WARN  155ogger -HHH90001006: Missing cache[hibernate.cache.com.entity.Users] was created on-the-fly. The created cache will use a provider-specific default configuration: make sure you defined one. You can disable this warning by setting 'hibernate.cache.ehcache.missing_cache_strategy' to 'create'.
26-01-15 15:59:23 [Catalina-utility-1] WARN  155ogger -HHH90001006: Missing cache[hibernate.cache.com.entity.LoggedIn] was created on-the-fly. The created cache will use a provider-specific default configuration: make sure you defined one. You can disable this warning by setting 'hibernate.cache.ehcache.missing_cache_strategy' to 'create'.
26-01-15 15:59:23 [Catalina-utility-1] WARN  155ogger -HHH90001006: Missing cache[hibernate.cache.com.entity.Countries] was created on-the-fly. The created cache will use a provider-specific default configuration: make sure you defined one. You can disable this warning by setting 'hibernate.cache.ehcache.missing_cache_strategy' to 'create'.
26-01-15 15:59:23 [Catalina-utility-1] WARN  155ogger -HHH90001006: Missing cache[hibernate.cache.com.entity.Districts] was created on-the-fly. The created cache will use a provider-specific default configuration: make sure you defined one. You can disable this warning by setting 'hibernate.cache.ehcache.missing_cache_strategy' to 'create'.
26-01-15 15:59:23 [Catalina-utility-1] WARN  155ogger -HHH90001006: Missing cache[hibernate.cache.com.entity.Provinces] was created on-the-fly. The created cache will use a provider-specific default configuration: make sure you defined one. You can disable this warning by setting 'hibernate.cache.ehcache.missing_cache_strategy' to 'create'.
26-01-15 15:59:24 [Catalina-utility-1] INFO  47ogger -HHH10001501: Connection obtained from JdbcConnectionAccess [org.hibernate.engine.jdbc.env.internal.JdbcEnvironmentInitiator$ConnectionProviderJdbcConnectionAccess@51c0e09b] for (non-JTA) DDL execution was not in auto-commit mode; the Connection 'local transaction' will be committed and the Connection will be set into auto-commit mode.
26-01-15 15:59:25 [Catalina-utility-1] INFO  52ogger -HHH000490: Using JtaPlatform implementation: [org.hibernate.engine.transaction.jta.platform.internal.NoJtaPlatform]
26-01-15 15:59:50 [http-nio-8080-exec-26] INFO  379ogger -User Login SuccessFully Ali IP Address Is :0:0:0:0:0:0:0:1
26-01-15 16:01:09 [Catalina-utility-2] INFO  44ogger -HHH000412: Hibernate ORM core version 5.4.33
26-01-15 16:01:09 [Catalina-utility-2] WARN  60ogger -HHH020100: The Ehcache second-level cache provider for Hibernate is deprecated.  See https://hibernate.atlassian.net/browse/HHH-12441 for details.
26-01-15 16:01:09 [Catalina-utility-2] INFO  56ogger -HCANN000001: Hibernate Commons Annotations {5.1.2.Final}
26-01-15 16:01:10 [Catalina-utility-2] WARN  72ogger -HHH10001002: Using Hibernate built-in connection pool (not for production use!)
26-01-15 16:01:10 [Catalina-utility-2] INFO  115ogger -HHH10001005: using driver [com.mysql.cj.jdbc.Driver] at URL [jdbc:mysql://localhost:3306/nadra_system]
26-01-15 16:01:10 [Catalina-utility-2] INFO  124ogger -HHH10001001: Connection properties: {password=****, user=root}
26-01-15 16:01:10 [Catalina-utility-2] INFO  129ogger -HHH10001003: Autocommit mode: false
26-01-15 16:01:10 [Catalina-utility-2] INFO  259ogger -HHH000115: Hibernate connection pool size: 20 (min=1)
26-01-15 16:01:10 [Catalina-utility-2] INFO  175ogger -HHH000400: Using dialect: org.hibernate.dialect.MySQL5Dialect
26-01-15 16:01:10 [Catalina-utility-2] INFO  97ogger -Envers integration enabled? : true
26-01-15 16:01:11 [Catalina-utility-2] WARN  155ogger -HHH90001006: Missing cache[hibernate.cache.default-update-timestamps-region] was created on-the-fly. The created cache will use a provider-specific default configuration: make sure you defined one. You can disable this warning by setting 'hibernate.cache.ehcache.missing_cache_strategy' to 'create'.
26-01-15 16:01:11 [Catalina-utility-2] WARN  155ogger -HHH90001006: Missing cache[hibernate.cache.default-query-results-region] was created on-the-fly. The created cache will use a provider-specific default configuration: make sure you defined one. You can disable this warning by setting 'hibernate.cache.ehcache.missing_cache_strategy' to 'create'.
26-01-15 16:01:12 [Catalina-utility-2] WARN  155ogger -HHH90001006: Missing cache[hibernate.cache.com.entity.Provinces] was created on-the-fly. The created cache will use a provider-specific default configuration: make sure you defined one. You can disable this warning by setting 'hibernate.cache.ehcache.missing_cache_strategy' to 'create'.
26-01-15 16:01:12 [Catalina-utility-2] WARN  155ogger -HHH90001006: Missing cache[hibernate.cache.com.entity.Countries] was created on-the-fly. The created cache will use a provider-specific default configuration: make sure you defined one. You can disable this warning by setting 'hibernate.cache.ehcache.missing_cache_strategy' to 'create'.
26-01-15 16:01:12 [Catalina-utility-2] WARN  155ogger -HHH90001006: Missing cache[hibernate.cache.com.entity.Districts] was created on-the-fly. The created cache will use a provider-specific default configuration: make sure you defined one. You can disable this warning by setting 'hibernate.cache.ehcache.missing_cache_strategy' to 'create'.
26-01-15 16:01:12 [Catalina-utility-2] WARN  155ogger -HHH90001006: Missing cache[hibernate.cache.com.entity.Users] was created on-the-fly. The created cache will use a provider-specific default configuration: make sure you defined one. You can disable this warning by setting 'hibernate.cache.ehcache.missing_cache_strategy' to 'create'.
26-01-15 16:01:12 [Catalina-utility-2] WARN  155ogger -HHH90001006: Missing cache[hibernate.cache.com.entity.LoggedIn] was created on-the-fly. The created cache will use a provider-specific default configuration: make sure you defined one. You can disable this warning by setting 'hibernate.cache.ehcache.missing_cache_strategy' to 'create'.
26-01-15 16:01:13 [Catalina-utility-2] INFO  47ogger -HHH10001501: Connection obtained from JdbcConnectionAccess [org.hibernate.engine.jdbc.env.internal.JdbcEnvironmentInitiator$ConnectionProviderJdbcConnectionAccess@757409b5] for (non-JTA) DDL execution was not in auto-commit mode; the Connection 'local transaction' will be committed and the Connection will be set into auto-commit mode.
26-01-15 16:01:14 [Catalina-utility-2] INFO  52ogger -HHH000490: Using JtaPlatform implementation: [org.hibernate.engine.transaction.jta.platform.internal.NoJtaPlatform]
26-01-15 16:01:20 [http-nio-8080-exec-37] INFO  379ogger -User Login SuccessFully Ali IP Address Is :0:0:0:0:0:0:0:1
26-01-15 16:01:28 [Catalina-utility-2] INFO  44ogger -HHH000412: Hibernate ORM core version 5.4.33
26-01-15 16:01:29 [Catalina-utility-2] WARN  60ogger -HHH020100: The Ehcache second-level cache provider for Hibernate is deprecated.  See https://hibernate.atlassian.net/browse/HHH-12441 for details.
26-01-15 16:01:29 [Catalina-utility-2] INFO  56ogger -HCANN000001: Hibernate Commons Annotations {5.1.2.Final}
26-01-15 16:01:29 [Catalina-utility-2] WARN  72ogger -HHH10001002: Using Hibernate built-in connection pool (not for production use!)
26-01-15 16:01:29 [Catalina-utility-2] INFO  115ogger -HHH10001005: using driver [com.mysql.cj.jdbc.Driver] at URL [jdbc:mysql://localhost:3306/nadra_system]
26-01-15 16:01:29 [Catalina-utility-2] INFO  124ogger -HHH10001001: Connection properties: {password=****, user=root}
26-01-15 16:01:29 [Catalina-utility-2] INFO  129ogger -HHH10001003: Autocommit mode: false
26-01-15 16:01:29 [Catalina-utility-2] INFO  259ogger -HHH000115: Hibernate connection pool size: 20 (min=1)
26-01-15 16:01:29 [Catalina-utility-2] INFO  175ogger -HHH000400: Using dialect: org.hibernate.dialect.MySQL5Dialect
26-01-15 16:01:30 [Catalina-utility-2] INFO  97ogger -Envers integration enabled? : true
26-01-15 16:01:32 [Catalina-utility-2] WARN  155ogger -HHH90001006: Missing cache[hibernate.cache.default-update-timestamps-region] was created on-the-fly. The created cache will use a provider-specific default configuration: make sure you defined one. You can disable this warning by setting 'hibernate.cache.ehcache.missing_cache_strategy' to 'create'.
26-01-15 16:01:32 [Catalina-utility-2] WARN  155ogger -HHH90001006: Missing cache[hibernate.cache.default-query-results-region] was created on-the-fly. The created cache will use a provider-specific default configuration: make sure you defined one. You can disable this warning by setting 'hibernate.cache.ehcache.missing_cache_strategy' to 'create'.
26-01-15 16:01:32 [Catalina-utility-2] WARN  155ogger -HHH90001006: Missing cache[hibernate.cache.com.entity.Countries] was created on-the-fly. The created cache will use a provider-specific default configuration: make sure you defined one. You can disable this warning by setting 'hibernate.cache.ehcache.missing_cache_strategy' to 'create'.
26-01-15 16:01:32 [Catalina-utility-2] WARN  155ogger -HHH90001006: Missing cache[hibernate.cache.com.entity.Provinces] was created on-the-fly. The created cache will use a provider-specific default configuration: make sure you defined one. You can disable this warning by setting 'hibernate.cache.ehcache.missing_cache_strategy' to 'create'.
26-01-15 16:01:32 [Catalina-utility-2] WARN  155ogger -HHH90001006: Missing cache[hibernate.cache.com.entity.LoggedIn] was created on-the-fly. The created cache will use a provider-specific default configuration: make sure you defined one. You can disable this warning by setting 'hibernate.cache.ehcache.missing_cache_strategy' to 'create'.
26-01-15 16:01:32 [Catalina-utility-2] WARN  155ogger -HHH90001006: Missing cache[hibernate.cache.com.entity.Users] was created on-the-fly. The created cache will use a provider-specific default configuration: make sure you defined one. You can disable this warning by setting 'hibernate.cache.ehcache.missing_cache_strategy' to 'create'.
26-01-15 16:01:32 [Catalina-utility-2] WARN  155ogger -HHH90001006: Missing cache[hibernate.cache.com.entity.Districts] was created on-the-fly. The created cache will use a provider-specific default configuration: make sure you defined one. You can disable this warning by setting 'hibernate.cache.ehcache.missing_cache_strategy' to 'create'.
26-01-15 16:01:34 [Catalina-utility-2] INFO  47ogger -HHH10001501: Connection obtained from JdbcConnectionAccess [org.hibernate.engine.jdbc.env.internal.JdbcEnvironmentInitiator$ConnectionProviderJdbcConnectionAccess@2e6f051e] for (non-JTA) DDL execution was not in auto-commit mode; the Connection 'local transaction' will be committed and the Connection will be set into auto-commit mode.
26-01-15 16:01:34 [Catalina-utility-2] INFO  52ogger -HHH000490: Using JtaPlatform implementation: [org.hibernate.engine.transaction.jta.platform.internal.NoJtaPlatform]
26-01-15 16:01:58 [Catalina-utility-2] INFO  44ogger -HHH000412: Hibernate ORM core version 5.4.33
26-01-15 16:01:59 [Catalina-utility-2] WARN  60ogger -HHH020100: The Ehcache second-level cache provider for Hibernate is deprecated.  See https://hibernate.atlassian.net/browse/HHH-12441 for details.
26-01-15 16:01:59 [Catalina-utility-2] INFO  56ogger -HCANN000001: Hibernate Commons Annotations {5.1.2.Final}
26-01-15 16:01:59 [Catalina-utility-2] WARN  72ogger -HHH10001002: Using Hibernate built-in connection pool (not for production use!)
26-01-15 16:01:59 [Catalina-utility-2] INFO  115ogger -HHH10001005: using driver [com.mysql.cj.jdbc.Driver] at URL [jdbc:mysql://localhost:3306/nadra_system]
26-01-15 16:01:59 [Catalina-utility-2] INFO  124ogger -HHH10001001: Connection properties: {password=****, user=root}
26-01-15 16:01:59 [Catalina-utility-2] INFO  129ogger -HHH10001003: Autocommit mode: false
26-01-15 16:01:59 [Catalina-utility-2] INFO  259ogger -HHH000115: Hibernate connection pool size: 20 (min=1)
26-01-15 16:01:59 [Catalina-utility-2] INFO  175ogger -HHH000400: Using dialect: org.hibernate.dialect.MySQL5Dialect
26-01-15 16:01:59 [Catalina-utility-2] INFO  97ogger -Envers integration enabled? : true
26-01-15 16:02:00 [Catalina-utility-2] WARN  155ogger -HHH90001006: Missing cache[hibernate.cache.default-update-timestamps-region] was created on-the-fly. The created cache will use a provider-specific default configuration: make sure you defined one. You can disable this warning by setting 'hibernate.cache.ehcache.missing_cache_strategy' to 'create'.
26-01-15 16:02:00 [Catalina-utility-2] WARN  155ogger -HHH90001006: Missing cache[hibernate.cache.default-query-results-region] was created on-the-fly. The created cache will use a provider-specific default configuration: make sure you defined one. You can disable this warning by setting 'hibernate.cache.ehcache.missing_cache_strategy' to 'create'.
26-01-15 16:02:00 [Catalina-utility-2] WARN  155ogger -HHH90001006: Missing cache[hibernate.cache.com.entity.Countries] was created on-the-fly. The created cache will use a provider-specific default configuration: make sure you defined one. You can disable this warning by setting 'hibernate.cache.ehcache.missing_cache_strategy' to 'create'.
26-01-15 16:02:00 [Catalina-utility-2] WARN  155ogger -HHH90001006: Missing cache[hibernate.cache.com.entity.LoggedIn] was created on-the-fly. The created cache will use a provider-specific default configuration: make sure you defined one. You can disable this warning by setting 'hibernate.cache.ehcache.missing_cache_strategy' to 'create'.
26-01-15 16:02:00 [Catalina-utility-2] WARN  155ogger -HHH90001006: Missing cache[hibernate.cache.com.entity.Users] was created on-the-fly. The created cache will use a provider-specific default configuration: make sure you defined one. You can disable this warning by setting 'hibernate.cache.ehcache.missing_cache_strategy' to 'create'.
26-01-15 16:02:00 [Catalina-utility-2] WARN  155ogger -HHH90001006: Missing cache[hibernate.cache.com.entity.Districts] was created on-the-fly. The created cache will use a provider-specific default configuration: make sure you defined one. You can disable this warning by setting 'hibernate.cache.ehcache.missing_cache_strategy' to 'create'.
26-01-15 16:02:00 [Catalina-utility-2] WARN  155ogger -HHH90001006: Missing cache[hibernate.cache.com.entity.Provinces] was created on-the-fly. The created cache will use a provider-specific default configuration: make sure you defined one. You can disable this warning by setting 'hibernate.cache.ehcache.missing_cache_strategy' to 'create'.
26-01-15 16:02:01 [Catalina-utility-2] INFO  47ogger -HHH10001501: Connection obtained from JdbcConnectionAccess [org.hibernate.engine.jdbc.env.internal.JdbcEnvironmentInitiator$ConnectionProviderJdbcConnectionAccess@4bbf70d3] for (non-JTA) DDL execution was not in auto-commit mode; the Connection 'local transaction' will be committed and the Connection will be set into auto-commit mode.
26-01-15 16:02:01 [Catalina-utility-2] INFO  52ogger -HHH000490: Using JtaPlatform implementation: [org.hibernate.engine.transaction.jta.platform.internal.NoJtaPlatform]
26-01-15 16:04:00 [Catalina-utility-2] INFO  44ogger -HHH000412: Hibernate ORM core version 5.4.33
26-01-15 16:04:02 [Catalina-utility-2] WARN  60ogger -HHH020100: The Ehcache second-level cache provider for Hibernate is deprecated.  See https://hibernate.atlassian.net/browse/HHH-12441 for details.
26-01-15 16:04:02 [Catalina-utility-2] INFO  56ogger -HCANN000001: Hibernate Commons Annotations {5.1.2.Final}
26-01-15 16:04:02 [Catalina-utility-2] WARN  72ogger -HHH10001002: Using Hibernate built-in connection pool (not for production use!)
26-01-15 16:04:02 [Catalina-utility-2] INFO  115ogger -HHH10001005: using driver [com.mysql.cj.jdbc.Driver] at URL [jdbc:mysql://localhost:3306/nadra_system]
26-01-15 16:04:02 [Catalina-utility-2] INFO  124ogger -HHH10001001: Connection properties: {password=****, user=root}
26-01-15 16:04:02 [Catalina-utility-2] INFO  129ogger -HHH10001003: Autocommit mode: false
26-01-15 16:04:02 [Catalina-utility-2] INFO  259ogger -HHH000115: Hibernate connection pool size: 20 (min=1)
26-01-15 16:04:03 [Catalina-utility-2] INFO  175ogger -HHH000400: Using dialect: org.hibernate.dialect.MySQL5Dialect
26-01-15 16:04:03 [Catalina-utility-2] INFO  97ogger -Envers integration enabled? : true
26-01-15 16:04:05 [Catalina-utility-2] WARN  155ogger -HHH90001006: Missing cache[hibernate.cache.default-update-timestamps-region] was created on-the-fly. The created cache will use a provider-specific default configuration: make sure you defined one. You can disable this warning by setting 'hibernate.cache.ehcache.missing_cache_strategy' to 'create'.
26-01-15 16:04:05 [Catalina-utility-2] WARN  155ogger -HHH90001006: Missing cache[hibernate.cache.default-query-results-region] was created on-the-fly. The created cache will use a provider-specific default configuration: make sure you defined one. You can disable this warning by setting 'hibernate.cache.ehcache.missing_cache_strategy' to 'create'.
26-01-15 16:04:05 [Catalina-utility-2] WARN  155ogger -HHH90001006: Missing cache[hibernate.cache.com.entity.Countries] was created on-the-fly. The created cache will use a provider-specific default configuration: make sure you defined one. You can disable this warning by setting 'hibernate.cache.ehcache.missing_cache_strategy' to 'create'.
26-01-15 16:04:05 [Catalina-utility-2] WARN  155ogger -HHH90001006: Missing cache[hibernate.cache.com.entity.Provinces] was created on-the-fly. The created cache will use a provider-specific default configuration: make sure you defined one. You can disable this warning by setting 'hibernate.cache.ehcache.missing_cache_strategy' to 'create'.
26-01-15 16:04:05 [Catalina-utility-2] WARN  155ogger -HHH90001006: Missing cache[hibernate.cache.com.entity.LoggedIn] was created on-the-fly. The created cache will use a provider-specific default configuration: make sure you defined one. You can disable this warning by setting 'hibernate.cache.ehcache.missing_cache_strategy' to 'create'.
26-01-15 16:04:05 [Catalina-utility-2] WARN  155ogger -HHH90001006: Missing cache[hibernate.cache.com.entity.Districts] was created on-the-fly. The created cache will use a provider-specific default configuration: make sure you defined one. You can disable this warning by setting 'hibernate.cache.ehcache.missing_cache_strategy' to 'create'.
26-01-15 16:04:05 [Catalina-utility-2] WARN  155ogger -HHH90001006: Missing cache[hibernate.cache.com.entity.Users] was created on-the-fly. The created cache will use a provider-specific default configuration: make sure you defined one. You can disable this warning by setting 'hibernate.cache.ehcache.missing_cache_strategy' to 'create'.
26-01-15 16:04:07 [Catalina-utility-2] INFO  47ogger -HHH10001501: Connection obtained from JdbcConnectionAccess [org.hibernate.engine.jdbc.env.internal.JdbcEnvironmentInitiator$ConnectionProviderJdbcConnectionAccess@5663f8c] for (non-JTA) DDL execution was not in auto-commit mode; the Connection 'local transaction' will be committed and the Connection will be set into auto-commit mode.
26-01-15 16:04:07 [Catalina-utility-2] INFO  52ogger -HHH000490: Using JtaPlatform implementation: [org.hibernate.engine.transaction.jta.platform.internal.NoJtaPlatform]
26-01-15 16:04:17 [http-nio-8080-exec-31] INFO  379ogger -User Login SuccessFully Ali IP Address Is :0:0:0:0:0:0:0:1
26-01-15 16:04:44 [Catalina-utility-1] INFO  44ogger -HHH000412: Hibernate ORM core version 5.4.33
26-01-15 16:04:45 [Catalina-utility-1] WARN  60ogger -HHH020100: The Ehcache second-level cache provider for Hibernate is deprecated.  See https://hibernate.atlassian.net/browse/HHH-12441 for details.
26-01-15 16:04:45 [Catalina-utility-1] INFO  56ogger -HCANN000001: Hibernate Commons Annotations {5.1.2.Final}
26-01-15 16:04:45 [Catalina-utility-1] WARN  72ogger -HHH10001002: Using Hibernate built-in connection pool (not for production use!)
26-01-15 16:04:45 [Catalina-utility-1] INFO  115ogger -HHH10001005: using driver [com.mysql.cj.jdbc.Driver] at URL [jdbc:mysql://localhost:3306/nadra_system]
26-01-15 16:04:45 [Catalina-utility-1] INFO  124ogger -HHH10001001: Connection properties: {password=****, user=root}
26-01-15 16:04:45 [Catalina-utility-1] INFO  129ogger -HHH10001003: Autocommit mode: false
26-01-15 16:04:45 [Catalina-utility-1] INFO  259ogger -HHH000115: Hibernate connection pool size: 20 (min=1)
26-01-15 16:04:46 [Catalina-utility-1] INFO  175ogger -HHH000400: Using dialect: org.hibernate.dialect.MySQL5Dialect
26-01-15 16:04:46 [Catalina-utility-1] INFO  97ogger -Envers integration enabled? : true
26-01-15 16:04:47 [Catalina-utility-1] WARN  155ogger -HHH90001006: Missing cache[hibernate.cache.default-update-timestamps-region] was created on-the-fly. The created cache will use a provider-specific default configuration: make sure you defined one. You can disable this warning by setting 'hibernate.cache.ehcache.missing_cache_strategy' to 'create'.
26-01-15 16:04:47 [Catalina-utility-1] WARN  155ogger -HHH90001006: Missing cache[hibernate.cache.default-query-results-region] was created on-the-fly. The created cache will use a provider-specific default configuration: make sure you defined one. You can disable this warning by setting 'hibernate.cache.ehcache.missing_cache_strategy' to 'create'.
26-01-15 16:04:47 [Catalina-utility-1] WARN  155ogger -HHH90001006: Missing cache[hibernate.cache.com.entity.Districts] was created on-the-fly. The created cache will use a provider-specific default configuration: make sure you defined one. You can disable this warning by setting 'hibernate.cache.ehcache.missing_cache_strategy' to 'create'.
26-01-15 16:04:47 [Catalina-utility-1] WARN  155ogger -HHH90001006: Missing cache[hibernate.cache.com.entity.Users] was created on-the-fly. The created cache will use a provider-specific default configuration: make sure you defined one. You can disable this warning by setting 'hibernate.cache.ehcache.missing_cache_strategy' to 'create'.
26-01-15 16:04:47 [Catalina-utility-1] WARN  155ogger -HHH90001006: Missing cache[hibernate.cache.com.entity.Provinces] was created on-the-fly. The created cache will use a provider-specific default configuration: make sure you defined one. You can disable this warning by setting 'hibernate.cache.ehcache.missing_cache_strategy' to 'create'.
26-01-15 16:04:47 [Catalina-utility-1] WARN  155ogger -HHH90001006: Missing cache[hibernate.cache.com.entity.Countries] was created on-the-fly. The created cache will use a provider-specific default configuration: make sure you defined one. You can disable this warning by setting 'hibernate.cache.ehcache.missing_cache_strategy' to 'create'.
26-01-15 16:04:47 [Catalina-utility-1] WARN  155ogger -HHH90001006: Missing cache[hibernate.cache.com.entity.LoggedIn] was created on-the-fly. The created cache will use a provider-specific default configuration: make sure you defined one. You can disable this warning by setting 'hibernate.cache.ehcache.missing_cache_strategy' to 'create'.
26-01-15 16:04:47 [Catalina-utility-1] INFO  47ogger -HHH10001501: Connection obtained from JdbcConnectionAccess [org.hibernate.engine.jdbc.env.internal.JdbcEnvironmentInitiator$ConnectionProviderJdbcConnectionAccess@67025d8d] for (non-JTA) DDL execution was not in auto-commit mode; the Connection 'local transaction' will be committed and the Connection will be set into auto-commit mode.
26-01-15 16:04:48 [Catalina-utility-1] INFO  52ogger -HHH000490: Using JtaPlatform implementation: [org.hibernate.engine.transaction.jta.platform.internal.NoJtaPlatform]
26-01-15 16:05:00 [Catalina-utility-1] INFO  44ogger -HHH000412: Hibernate ORM core version 5.4.33
26-01-15 16:05:01 [Catalina-utility-1] WARN  60ogger -HHH020100: The Ehcache second-level cache provider for Hibernate is deprecated.  See https://hibernate.atlassian.net/browse/HHH-12441 for details.
26-01-15 16:05:01 [Catalina-utility-1] INFO  56ogger -HCANN000001: Hibernate Commons Annotations {5.1.2.Final}
26-01-15 16:05:01 [Catalina-utility-1] WARN  72ogger -HHH10001002: Using Hibernate built-in connection pool (not for production use!)
26-01-15 16:05:01 [Catalina-utility-1] INFO  115ogger -HHH10001005: using driver [com.mysql.cj.jdbc.Driver] at URL [jdbc:mysql://localhost:3306/nadra_system]
26-01-15 16:05:01 [Catalina-utility-1] INFO  124ogger -HHH10001001: Connection properties: {password=****, user=root}
26-01-15 16:05:01 [Catalina-utility-1] INFO  129ogger -HHH10001003: Autocommit mode: false
26-01-15 16:05:01 [Catalina-utility-1] INFO  259ogger -HHH000115: Hibernate connection pool size: 20 (min=1)
26-01-15 16:05:01 [Catalina-utility-1] INFO  175ogger -HHH000400: Using dialect: org.hibernate.dialect.MySQL5Dialect
26-01-15 16:05:01 [Catalina-utility-1] INFO  97ogger -Envers integration enabled? : true
26-01-15 16:05:02 [Catalina-utility-1] WARN  155ogger -HHH90001006: Missing cache[hibernate.cache.default-update-timestamps-region] was created on-the-fly. The created cache will use a provider-specific default configuration: make sure you defined one. You can disable this warning by setting 'hibernate.cache.ehcache.missing_cache_strategy' to 'create'.
26-01-15 16:05:02 [Catalina-utility-1] WARN  155ogger -HHH90001006: Missing cache[hibernate.cache.default-query-results-region] was created on-the-fly. The created cache will use a provider-specific default configuration: make sure you defined one. You can disable this warning by setting 'hibernate.cache.ehcache.missing_cache_strategy' to 'create'.
26-01-15 16:05:02 [Catalina-utility-1] WARN  155ogger -HHH90001006: Missing cache[hibernate.cache.com.entity.Users] was created on-the-fly. The created cache will use a provider-specific default configuration: make sure you defined one. You can disable this warning by setting 'hibernate.cache.ehcache.missing_cache_strategy' to 'create'.
26-01-15 16:05:02 [Catalina-utility-1] WARN  155ogger -HHH90001006: Missing cache[hibernate.cache.com.entity.Countries] was created on-the-fly. The created cache will use a provider-specific default configuration: make sure you defined one. You can disable this warning by setting 'hibernate.cache.ehcache.missing_cache_strategy' to 'create'.
26-01-15 16:05:02 [Catalina-utility-1] WARN  155ogger -HHH90001006: Missing cache[hibernate.cache.com.entity.LoggedIn] was created on-the-fly. The created cache will use a provider-specific default configuration: make sure you defined one. You can disable this warning by setting 'hibernate.cache.ehcache.missing_cache_strategy' to 'create'.
26-01-15 16:05:03 [Catalina-utility-1] WARN  155ogger -HHH90001006: Missing cache[hibernate.cache.com.entity.Districts] was created on-the-fly. The created cache will use a provider-specific default configuration: make sure you defined one. You can disable this warning by setting 'hibernate.cache.ehcache.missing_cache_strategy' to 'create'.
26-01-15 16:05:03 [Catalina-utility-1] WARN  155ogger -HHH90001006: Missing cache[hibernate.cache.com.entity.Provinces] was created on-the-fly. The created cache will use a provider-specific default configuration: make sure you defined one. You can disable this warning by setting 'hibernate.cache.ehcache.missing_cache_strategy' to 'create'.
26-01-15 16:05:03 [Catalina-utility-1] INFO  47ogger -HHH10001501: Connection obtained from JdbcConnectionAccess [org.hibernate.engine.jdbc.env.internal.JdbcEnvironmentInitiator$ConnectionProviderJdbcConnectionAccess@4a53f3f0] for (non-JTA) DDL execution was not in auto-commit mode; the Connection 'local transaction' will be committed and the Connection will be set into auto-commit mode.
26-01-15 16:05:03 [Catalina-utility-1] INFO  52ogger -HHH000490: Using JtaPlatform implementation: [org.hibernate.engine.transaction.jta.platform.internal.NoJtaPlatform]
26-01-15 16:05:38 [Catalina-utility-2] INFO  44ogger -HHH000412: Hibernate ORM core version 5.4.33
26-01-15 16:05:39 [Catalina-utility-2] WARN  60ogger -HHH020100: The Ehcache second-level cache provider for Hibernate is deprecated.  See https://hibernate.atlassian.net/browse/HHH-12441 for details.
26-01-15 16:05:39 [Catalina-utility-2] INFO  56ogger -HCANN000001: Hibernate Commons Annotations {5.1.2.Final}
26-01-15 16:05:39 [Catalina-utility-2] WARN  72ogger -HHH10001002: Using Hibernate built-in connection pool (not for production use!)
26-01-15 16:05:39 [Catalina-utility-2] INFO  115ogger -HHH10001005: using driver [com.mysql.cj.jdbc.Driver] at URL [jdbc:mysql://localhost:3306/nadra_system]
26-01-15 16:05:39 [Catalina-utility-2] INFO  124ogger -HHH10001001: Connection properties: {password=****, user=root}
26-01-15 16:05:39 [Catalina-utility-2] INFO  129ogger -HHH10001003: Autocommit mode: false
26-01-15 16:05:39 [Catalina-utility-2] INFO  259ogger -HHH000115: Hibernate connection pool size: 20 (min=1)
26-01-15 16:05:39 [Catalina-utility-2] INFO  175ogger -HHH000400: Using dialect: org.hibernate.dialect.MySQL5Dialect
26-01-15 16:05:39 [Catalina-utility-2] INFO  97ogger -Envers integration enabled? : true
26-01-15 16:05:40 [Catalina-utility-2] WARN  155ogger -HHH90001006: Missing cache[hibernate.cache.default-update-timestamps-region] was created on-the-fly. The created cache will use a provider-specific default configuration: make sure you defined one. You can disable this warning by setting 'hibernate.cache.ehcache.missing_cache_strategy' to 'create'.
26-01-15 16:05:40 [Catalina-utility-2] WARN  155ogger -HHH90001006: Missing cache[hibernate.cache.default-query-results-region] was created on-the-fly. The created cache will use a provider-specific default configuration: make sure you defined one. You can disable this warning by setting 'hibernate.cache.ehcache.missing_cache_strategy' to 'create'.
26-01-15 16:05:40 [Catalina-utility-2] WARN  155ogger -HHH90001006: Missing cache[hibernate.cache.com.entity.Districts] was created on-the-fly. The created cache will use a provider-specific default configuration: make sure you defined one. You can disable this warning by setting 'hibernate.cache.ehcache.missing_cache_strategy' to 'create'.
26-01-15 16:05:40 [Catalina-utility-2] WARN  155ogger -HHH90001006: Missing cache[hibernate.cache.com.entity.LoggedIn] was created on-the-fly. The created cache will use a provider-specific default configuration: make sure you defined one. You can disable this warning by setting 'hibernate.cache.ehcache.missing_cache_strategy' to 'create'.
26-01-15 16:05:40 [Catalina-utility-2] WARN  155ogger -HHH90001006: Missing cache[hibernate.cache.com.entity.Users] was created on-the-fly. The created cache will use a provider-specific default configuration: make sure you defined one. You can disable this warning by setting 'hibernate.cache.ehcache.missing_cache_strategy' to 'create'.
26-01-15 16:05:40 [Catalina-utility-2] WARN  155ogger -HHH90001006: Missing cache[hibernate.cache.com.entity.Countries] was created on-the-fly. The created cache will use a provider-specific default configuration: make sure you defined one. You can disable this warning by setting 'hibernate.cache.ehcache.missing_cache_strategy' to 'create'.
26-01-15 16:05:40 [Catalina-utility-2] WARN  155ogger -HHH90001006: Missing cache[hibernate.cache.com.entity.Provinces] was created on-the-fly. The created cache will use a provider-specific default configuration: make sure you defined one. You can disable this warning by setting 'hibernate.cache.ehcache.missing_cache_strategy' to 'create'.
26-01-15 16:05:41 [Catalina-utility-2] INFO  47ogger -HHH10001501: Connection obtained from JdbcConnectionAccess [org.hibernate.engine.jdbc.env.internal.JdbcEnvironmentInitiator$ConnectionProviderJdbcConnectionAccess@7a0efab2] for (non-JTA) DDL execution was not in auto-commit mode; the Connection 'local transaction' will be committed and the Connection will be set into auto-commit mode.
26-01-15 16:05:41 [Catalina-utility-2] INFO  52ogger -HHH000490: Using JtaPlatform implementation: [org.hibernate.engine.transaction.jta.platform.internal.NoJtaPlatform]
26-01-15 16:05:50 [http-nio-8080-exec-51] INFO  379ogger -User Login SuccessFully Ali IP Address Is :0:0:0:0:0:0:0:1
26-01-15 16:05:55 [http-nio-8080-exec-59] INFO  455ogger -Logout SuccessFullAli
26-01-15 16:06:01 [http-nio-8080-exec-52] INFO  379ogger -User Login SuccessFully Ali IP Address Is :0:0:0:0:0:0:0:1
26-01-15 16:07:13 [http-nio-8080-exec-61] INFO  379ogger -User Login SuccessFully Ali IP Address Is :0:0:0:0:0:0:0:1
26-01-15 16:08:03 [http-nio-8080-exec-68] WARN  328ogger -Invalid CrendentialsnullPasswordnull
26-01-15 16:08:11 [http-nio-8080-exec-63] INFO  455ogger -Logout SuccessFullAli
26-01-15 16:08:25 [http-nio-8080-exec-61] WARN  328ogger -Invalid CrendentialsnullPasswordnull
26-01-15 16:08:43 [http-nio-8080-exec-68] WARN  328ogger -Invalid CrendentialsnullPasswordnull
26-01-15 16:09:06 [Catalina-utility-1] INFO  44ogger -HHH000412: Hibernate ORM core version 5.4.33
26-01-15 16:09:07 [Catalina-utility-1] WARN  60ogger -HHH020100: The Ehcache second-level cache provider for Hibernate is deprecated.  See https://hibernate.atlassian.net/browse/HHH-12441 for details.
26-01-15 16:09:07 [Catalina-utility-1] INFO  56ogger -HCANN000001: Hibernate Commons Annotations {5.1.2.Final}
26-01-15 16:09:07 [Catalina-utility-1] WARN  72ogger -HHH10001002: Using Hibernate built-in connection pool (not for production use!)
26-01-15 16:09:07 [Catalina-utility-1] INFO  115ogger -HHH10001005: using driver [com.mysql.cj.jdbc.Driver] at URL [jdbc:mysql://localhost:3306/nadra_system]
26-01-15 16:09:07 [Catalina-utility-1] INFO  124ogger -HHH10001001: Connection properties: {password=****, user=root}
26-01-15 16:09:07 [Catalina-utility-1] INFO  129ogger -HHH10001003: Autocommit mode: false
26-01-15 16:09:07 [Catalina-utility-1] INFO  259ogger -HHH000115: Hibernate connection pool size: 20 (min=1)
26-01-15 16:09:07 [Catalina-utility-1] INFO  175ogger -HHH000400: Using dialect: org.hibernate.dialect.MySQL5Dialect
26-01-15 16:09:07 [Catalina-utility-1] INFO  97ogger -Envers integration enabled? : true
26-01-15 16:09:08 [Catalina-utility-1] WARN  155ogger -HHH90001006: Missing cache[hibernate.cache.default-update-timestamps-region] was created on-the-fly. The created cache will use a provider-specific default configuration: make sure you defined one. You can disable this warning by setting 'hibernate.cache.ehcache.missing_cache_strategy' to 'create'.
26-01-15 16:09:08 [Catalina-utility-1] WARN  155ogger -HHH90001006: Missing cache[hibernate.cache.default-query-results-region] was created on-the-fly. The created cache will use a provider-specific default configuration: make sure you defined one. You can disable this warning by setting 'hibernate.cache.ehcache.missing_cache_strategy' to 'create'.
26-01-15 16:09:08 [Catalina-utility-1] WARN  155ogger -HHH90001006: Missing cache[hibernate.cache.com.entity.LoggedIn] was created on-the-fly. The created cache will use a provider-specific default configuration: make sure you defined one. You can disable this warning by setting 'hibernate.cache.ehcache.missing_cache_strategy' to 'create'.
26-01-15 16:09:08 [Catalina-utility-1] WARN  155ogger -HHH90001006: Missing cache[hibernate.cache.com.entity.Users] was created on-the-fly. The created cache will use a provider-specific default configuration: make sure you defined one. You can disable this warning by setting 'hibernate.cache.ehcache.missing_cache_strategy' to 'create'.
26-01-15 16:09:08 [Catalina-utility-1] WARN  155ogger -HHH90001006: Missing cache[hibernate.cache.com.entity.Countries] was created on-the-fly. The created cache will use a provider-specific default configuration: make sure you defined one. You can disable this warning by setting 'hibernate.cache.ehcache.missing_cache_strategy' to 'create'.
26-01-15 16:09:08 [Catalina-utility-1] WARN  155ogger -HHH90001006: Missing cache[hibernate.cache.com.entity.Provinces] was created on-the-fly. The created cache will use a provider-specific default configuration: make sure you defined one. You can disable this warning by setting 'hibernate.cache.ehcache.missing_cache_strategy' to 'create'.
26-01-15 16:09:08 [Catalina-utility-1] WARN  155ogger -HHH90001006: Missing cache[hibernate.cache.com.entity.Districts] was created on-the-fly. The created cache will use a provider-specific default configuration: make sure you defined one. You can disable this warning by setting 'hibernate.cache.ehcache.missing_cache_strategy' to 'create'.
26-01-15 16:09:09 [Catalina-utility-1] INFO  47ogger -HHH10001501: Connection obtained from JdbcConnectionAccess [org.hibernate.engine.jdbc.env.internal.JdbcEnvironmentInitiator$ConnectionProviderJdbcConnectionAccess@3b3c267d] for (non-JTA) DDL execution was not in auto-commit mode; the Connection 'local transaction' will be committed and the Connection will be set into auto-commit mode.
26-01-15 16:09:09 [Catalina-utility-1] INFO  52ogger -HHH000490: Using JtaPlatform implementation: [org.hibernate.engine.transaction.jta.platform.internal.NoJtaPlatform]
26-01-15 16:12:41 [Catalina-utility-2] INFO  44ogger -HHH000412: Hibernate ORM core version 5.4.33
26-01-15 16:12:42 [Catalina-utility-2] WARN  60ogger -HHH020100: The Ehcache second-level cache provider for Hibernate is deprecated.  See https://hibernate.atlassian.net/browse/HHH-12441 for details.
26-01-15 16:12:42 [Catalina-utility-2] INFO  56ogger -HCANN000001: Hibernate Commons Annotations {5.1.2.Final}
26-01-15 16:12:42 [Catalina-utility-2] WARN  72ogger -HHH10001002: Using Hibernate built-in connection pool (not for production use!)
26-01-15 16:12:42 [Catalina-utility-2] INFO  115ogger -HHH10001005: using driver [com.mysql.cj.jdbc.Driver] at URL [jdbc:mysql://localhost:3306/nadra_system]
26-01-15 16:12:42 [Catalina-utility-2] INFO  124ogger -HHH10001001: Connection properties: {password=****, user=root}
26-01-15 16:12:42 [Catalina-utility-2] INFO  129ogger -HHH10001003: Autocommit mode: false
26-01-15 16:12:42 [Catalina-utility-2] INFO  259ogger -HHH000115: Hibernate connection pool size: 20 (min=1)
26-01-15 16:12:43 [Catalina-utility-2] INFO  175ogger -HHH000400: Using dialect: org.hibernate.dialect.MySQL5Dialect
26-01-15 16:12:43 [Catalina-utility-2] INFO  97ogger -Envers integration enabled? : true
26-01-15 16:12:44 [Catalina-utility-2] WARN  155ogger -HHH90001006: Missing cache[hibernate.cache.default-update-timestamps-region] was created on-the-fly. The created cache will use a provider-specific default configuration: make sure you defined one. You can disable this warning by setting 'hibernate.cache.ehcache.missing_cache_strategy' to 'create'.
26-01-15 16:12:44 [Catalina-utility-2] WARN  155ogger -HHH90001006: Missing cache[hibernate.cache.default-query-results-region] was created on-the-fly. The created cache will use a provider-specific default configuration: make sure you defined one. You can disable this warning by setting 'hibernate.cache.ehcache.missing_cache_strategy' to 'create'.
26-01-15 16:12:44 [Catalina-utility-2] WARN  155ogger -HHH90001006: Missing cache[hibernate.cache.com.entity.Districts] was created on-the-fly. The created cache will use a provider-specific default configuration: make sure you defined one. You can disable this warning by setting 'hibernate.cache.ehcache.missing_cache_strategy' to 'create'.
26-01-15 16:12:44 [Catalina-utility-2] WARN  155ogger -HHH90001006: Missing cache[hibernate.cache.com.entity.Countries] was created on-the-fly. The created cache will use a provider-specific default configuration: make sure you defined one. You can disable this warning by setting 'hibernate.cache.ehcache.missing_cache_strategy' to 'create'.
26-01-15 16:12:44 [Catalina-utility-2] WARN  155ogger -HHH90001006: Missing cache[hibernate.cache.com.entity.Provinces] was created on-the-fly. The created cache will use a provider-specific default configuration: make sure you defined one. You can disable this warning by setting 'hibernate.cache.ehcache.missing_cache_strategy' to 'create'.
26-01-15 16:12:44 [Catalina-utility-2] WARN  155ogger -HHH90001006: Missing cache[hibernate.cache.com.entity.LoggedIn] was created on-the-fly. The created cache will use a provider-specific default configuration: make sure you defined one. You can disable this warning by setting 'hibernate.cache.ehcache.missing_cache_strategy' to 'create'.
26-01-15 16:12:44 [Catalina-utility-2] WARN  155ogger -HHH90001006: Missing cache[hibernate.cache.com.entity.Users] was created on-the-fly. The created cache will use a provider-specific default configuration: make sure you defined one. You can disable this warning by setting 'hibernate.cache.ehcache.missing_cache_strategy' to 'create'.
26-01-15 16:12:45 [Catalina-utility-2] INFO  47ogger -HHH10001501: Connection obtained from JdbcConnectionAccess [org.hibernate.engine.jdbc.env.internal.JdbcEnvironmentInitiator$ConnectionProviderJdbcConnectionAccess@25a973ef] for (non-JTA) DDL execution was not in auto-commit mode; the Connection 'local transaction' will be committed and the Connection will be set into auto-commit mode.
26-01-15 16:12:45 [Catalina-utility-2] INFO  52ogger -HHH000490: Using JtaPlatform implementation: [org.hibernate.engine.transaction.jta.platform.internal.NoJtaPlatform]
26-01-15 16:12:50 [main] INFO  44ogger -HHH000412: Hibernate ORM core version 5.4.33
26-01-15 16:12:51 [main] WARN  60ogger -HHH020100: The Ehcache second-level cache provider for Hibernate is deprecated.  See https://hibernate.atlassian.net/browse/HHH-12441 for details.
26-01-15 16:12:51 [main] INFO  56ogger -HCANN000001: Hibernate Commons Annotations {5.1.2.Final}
26-01-15 16:12:52 [main] WARN  72ogger -HHH10001002: Using Hibernate built-in connection pool (not for production use!)
26-01-15 16:12:52 [main] INFO  115ogger -HHH10001005: using driver [com.mysql.cj.jdbc.Driver] at URL [jdbc:mysql://localhost:3306/nadra_system]
26-01-15 16:12:52 [main] INFO  124ogger -HHH10001001: Connection properties: {password=****, user=root}
26-01-15 16:12:52 [main] INFO  129ogger -HHH10001003: Autocommit mode: false
26-01-15 16:12:52 [main] INFO  259ogger -HHH000115: Hibernate connection pool size: 20 (min=1)
26-01-15 16:12:52 [main] INFO  175ogger -HHH000400: Using dialect: org.hibernate.dialect.MySQL5Dialect
26-01-15 16:12:52 [main] INFO  97ogger -Envers integration enabled? : true
26-01-15 16:12:54 [main] WARN  155ogger -HHH90001006: Missing cache[hibernate.cache.default-update-timestamps-region] was created on-the-fly. The created cache will use a provider-specific default configuration: make sure you defined one. You can disable this warning by setting 'hibernate.cache.ehcache.missing_cache_strategy' to 'create'.
26-01-15 16:12:54 [main] WARN  155ogger -HHH90001006: Missing cache[hibernate.cache.default-query-results-region] was created on-the-fly. The created cache will use a provider-specific default configuration: make sure you defined one. You can disable this warning by setting 'hibernate.cache.ehcache.missing_cache_strategy' to 'create'.
26-01-15 16:12:54 [main] WARN  155ogger -HHH90001006: Missing cache[hibernate.cache.com.entity.Users] was created on-the-fly. The created cache will use a provider-specific default configuration: make sure you defined one. You can disable this warning by setting 'hibernate.cache.ehcache.missing_cache_strategy' to 'create'.
26-01-15 16:12:54 [main] WARN  155ogger -HHH90001006: Missing cache[hibernate.cache.com.entity.Provinces] was created on-the-fly. The created cache will use a provider-specific default configuration: make sure you defined one. You can disable this warning by setting 'hibernate.cache.ehcache.missing_cache_strategy' to 'create'.
26-01-15 16:12:54 [main] WARN  155ogger -HHH90001006: Missing cache[hibernate.cache.com.entity.Countries] was created on-the-fly. The created cache will use a provider-specific default configuration: make sure you defined one. You can disable this warning by setting 'hibernate.cache.ehcache.missing_cache_strategy' to 'create'.
26-01-15 16:12:54 [main] WARN  155ogger -HHH90001006: Missing cache[hibernate.cache.com.entity.Districts] was created on-the-fly. The created cache will use a provider-specific default configuration: make sure you defined one. You can disable this warning by setting 'hibernate.cache.ehcache.missing_cache_strategy' to 'create'.
26-01-15 16:12:54 [main] WARN  155ogger -HHH90001006: Missing cache[hibernate.cache.com.entity.LoggedIn] was created on-the-fly. The created cache will use a provider-specific default configuration: make sure you defined one. You can disable this warning by setting 'hibernate.cache.ehcache.missing_cache_strategy' to 'create'.
26-01-15 16:12:54 [main] INFO  47ogger -HHH10001501: Connection obtained from JdbcConnectionAccess [org.hibernate.engine.jdbc.env.internal.JdbcEnvironmentInitiator$ConnectionProviderJdbcConnectionAccess@f758e05] for (non-JTA) DDL execution was not in auto-commit mode; the Connection 'local transaction' will be committed and the Connection will be set into auto-commit mode.
26-01-15 16:12:55 [main] INFO  52ogger -HHH000490: Using JtaPlatform implementation: [org.hibernate.engine.transaction.jta.platform.internal.NoJtaPlatform]
26-01-15 16:14:37 [main] INFO  44ogger -HHH000412: Hibernate ORM core version 5.4.33
26-01-15 16:14:38 [main] WARN  60ogger -HHH020100: The Ehcache second-level cache provider for Hibernate is deprecated.  See https://hibernate.atlassian.net/browse/HHH-12441 for details.
26-01-15 16:14:38 [main] INFO  56ogger -HCANN000001: Hibernate Commons Annotations {5.1.2.Final}
26-01-15 16:14:38 [main] WARN  72ogger -HHH10001002: Using Hibernate built-in connection pool (not for production use!)
26-01-15 16:14:38 [main] INFO  115ogger -HHH10001005: using driver [com.mysql.cj.jdbc.Driver] at URL [jdbc:mysql://localhost:3306/nadra_system]
26-01-15 16:14:38 [main] INFO  124ogger -HHH10001001: Connection properties: {password=****, user=root}
26-01-15 16:14:38 [main] INFO  129ogger -HHH10001003: Autocommit mode: false
26-01-15 16:14:38 [main] INFO  259ogger -HHH000115: Hibernate connection pool size: 20 (min=1)
26-01-15 16:14:38 [main] INFO  175ogger -HHH000400: Using dialect: org.hibernate.dialect.MySQL5Dialect
26-01-15 16:14:38 [main] INFO  97ogger -Envers integration enabled? : true
26-01-15 16:14:40 [main] WARN  155ogger -HHH90001006: Missing cache[hibernate.cache.default-update-timestamps-region] was created on-the-fly. The created cache will use a provider-specific default configuration: make sure you defined one. You can disable this warning by setting 'hibernate.cache.ehcache.missing_cache_strategy' to 'create'.
26-01-15 16:14:40 [main] WARN  155ogger -HHH90001006: Missing cache[hibernate.cache.default-query-results-region] was created on-the-fly. The created cache will use a provider-specific default configuration: make sure you defined one. You can disable this warning by setting 'hibernate.cache.ehcache.missing_cache_strategy' to 'create'.
26-01-15 16:14:40 [main] WARN  155ogger -HHH90001006: Missing cache[hibernate.cache.com.entity.Users] was created on-the-fly. The created cache will use a provider-specific default configuration: make sure you defined one. You can disable this warning by setting 'hibernate.cache.ehcache.missing_cache_strategy' to 'create'.
26-01-15 16:14:40 [main] WARN  155ogger -HHH90001006: Missing cache[hibernate.cache.com.entity.Provinces] was created on-the-fly. The created cache will use a provider-specific default configuration: make sure you defined one. You can disable this warning by setting 'hibernate.cache.ehcache.missing_cache_strategy' to 'create'.
26-01-15 16:14:40 [main] WARN  155ogger -HHH90001006: Missing cache[hibernate.cache.com.entity.Countries] was created on-the-fly. The created cache will use a provider-specific default configuration: make sure you defined one. You can disable this warning by setting 'hibernate.cache.ehcache.missing_cache_strategy' to 'create'.
26-01-15 16:14:40 [main] WARN  155ogger -HHH90001006: Missing cache[hibernate.cache.com.entity.Districts] was created on-the-fly. The created cache will use a provider-specific default configuration: make sure you defined one. You can disable this warning by setting 'hibernate.cache.ehcache.missing_cache_strategy' to 'create'.
26-01-15 16:14:40 [main] WARN  155ogger -HHH90001006: Missing cache[hibernate.cache.com.entity.LoggedIn] was created on-the-fly. The created cache will use a provider-specific default configuration: make sure you defined one. You can disable this warning by setting 'hibernate.cache.ehcache.missing_cache_strategy' to 'create'.
26-01-15 16:14:41 [main] INFO  47ogger -HHH10001501: Connection obtained from JdbcConnectionAccess [org.hibernate.engine.jdbc.env.internal.JdbcEnvironmentInitiator$ConnectionProviderJdbcConnectionAccess@f758e05] for (non-JTA) DDL execution was not in auto-commit mode; the Connection 'local transaction' will be committed and the Connection will be set into auto-commit mode.
26-01-15 16:14:41 [main] INFO  52ogger -HHH000490: Using JtaPlatform implementation: [org.hibernate.engine.transaction.jta.platform.internal.NoJtaPlatform]
26-01-15 16:17:31 [main] INFO  44ogger -HHH000412: Hibernate ORM core version 5.4.33
26-01-15 16:17:32 [main] WARN  60ogger -HHH020100: The Ehcache second-level cache provider for Hibernate is deprecated.  See https://hibernate.atlassian.net/browse/HHH-12441 for details.
26-01-15 16:17:33 [main] INFO  56ogger -HCANN000001: Hibernate Commons Annotations {5.1.2.Final}
26-01-15 16:17:33 [main] WARN  72ogger -HHH10001002: Using Hibernate built-in connection pool (not for production use!)
26-01-15 16:17:33 [main] INFO  115ogger -HHH10001005: using driver [com.mysql.cj.jdbc.Driver] at URL [jdbc:mysql://localhost:3306/nadra_system]
26-01-15 16:17:33 [main] INFO  124ogger -HHH10001001: Connection properties: {password=****, user=root}
26-01-15 16:17:33 [main] INFO  129ogger -HHH10001003: Autocommit mode: false
26-01-15 16:17:33 [main] INFO  259ogger -HHH000115: Hibernate connection pool size: 20 (min=1)
26-01-15 16:17:34 [main] INFO  175ogger -HHH000400: Using dialect: org.hibernate.dialect.MySQL5Dialect
26-01-15 16:17:34 [main] INFO  97ogger -Envers integration enabled? : true
26-01-15 16:17:36 [main] WARN  155ogger -HHH90001006: Missing cache[hibernate.cache.default-update-timestamps-region] was created on-the-fly. The created cache will use a provider-specific default configuration: make sure you defined one. You can disable this warning by setting 'hibernate.cache.ehcache.missing_cache_strategy' to 'create'.
26-01-15 16:17:36 [main] WARN  155ogger -HHH90001006: Missing cache[hibernate.cache.default-query-results-region] was created on-the-fly. The created cache will use a provider-specific default configuration: make sure you defined one. You can disable this warning by setting 'hibernate.cache.ehcache.missing_cache_strategy' to 'create'.
26-01-15 16:17:36 [main] WARN  155ogger -HHH90001006: Missing cache[hibernate.cache.com.entity.Users] was created on-the-fly. The created cache will use a provider-specific default configuration: make sure you defined one. You can disable this warning by setting 'hibernate.cache.ehcache.missing_cache_strategy' to 'create'.
26-01-15 16:17:36 [main] WARN  155ogger -HHH90001006: Missing cache[hibernate.cache.com.entity.Provinces] was created on-the-fly. The created cache will use a provider-specific default configuration: make sure you defined one. You can disable this warning by setting 'hibernate.cache.ehcache.missing_cache_strategy' to 'create'.
26-01-15 16:17:36 [main] WARN  155ogger -HHH90001006: Missing cache[hibernate.cache.com.entity.Countries] was created on-the-fly. The created cache will use a provider-specific default configuration: make sure you defined one. You can disable this warning by setting 'hibernate.cache.ehcache.missing_cache_strategy' to 'create'.
26-01-15 16:17:36 [main] WARN  155ogger -HHH90001006: Missing cache[hibernate.cache.com.entity.Districts] was created on-the-fly. The created cache will use a provider-specific default configuration: make sure you defined one. You can disable this warning by setting 'hibernate.cache.ehcache.missing_cache_strategy' to 'create'.
26-01-15 16:17:36 [main] WARN  155ogger -HHH90001006: Missing cache[hibernate.cache.com.entity.LoggedIn] was created on-the-fly. The created cache will use a provider-specific default configuration: make sure you defined one. You can disable this warning by setting 'hibernate.cache.ehcache.missing_cache_strategy' to 'create'.
26-01-15 16:17:37 [main] INFO  47ogger -HHH10001501: Connection obtained from JdbcConnectionAccess [org.hibernate.engine.jdbc.env.internal.JdbcEnvironmentInitiator$ConnectionProviderJdbcConnectionAccess@f758e05] for (non-JTA) DDL execution was not in auto-commit mode; the Connection 'local transaction' will be committed and the Connection will be set into auto-commit mode.
26-01-15 16:17:37 [main] INFO  52ogger -HHH000490: Using JtaPlatform implementation: [org.hibernate.engine.transaction.jta.platform.internal.NoJtaPlatform]
26-01-15 16:19:17 [main] INFO  44ogger -HHH000412: Hibernate ORM core version 5.4.33
26-01-15 16:19:18 [main] WARN  60ogger -HHH020100: The Ehcache second-level cache provider for Hibernate is deprecated.  See https://hibernate.atlassian.net/browse/HHH-12441 for details.
26-01-15 16:19:18 [main] INFO  56ogger -HCANN000001: Hibernate Commons Annotations {5.1.2.Final}
26-01-15 16:19:18 [main] WARN  72ogger -HHH10001002: Using Hibernate built-in connection pool (not for production use!)
26-01-15 16:19:18 [main] INFO  115ogger -HHH10001005: using driver [com.mysql.cj.jdbc.Driver] at URL [jdbc:mysql://localhost:3306/nadra_system]
26-01-15 16:19:18 [main] INFO  124ogger -HHH10001001: Connection properties: {password=****, user=root}
26-01-15 16:19:18 [main] INFO  129ogger -HHH10001003: Autocommit mode: false
26-01-15 16:19:18 [main] INFO  259ogger -HHH000115: Hibernate connection pool size: 20 (min=1)
26-01-15 16:19:18 [main] INFO  175ogger -HHH000400: Using dialect: org.hibernate.dialect.MySQL5Dialect
26-01-15 16:19:19 [main] INFO  97ogger -Envers integration enabled? : true
26-01-15 16:19:20 [main] WARN  155ogger -HHH90001006: Missing cache[hibernate.cache.default-update-timestamps-region] was created on-the-fly. The created cache will use a provider-specific default configuration: make sure you defined one. You can disable this warning by setting 'hibernate.cache.ehcache.missing_cache_strategy' to 'create'.
26-01-15 16:19:20 [main] WARN  155ogger -HHH90001006: Missing cache[hibernate.cache.default-query-results-region] was created on-the-fly. The created cache will use a provider-specific default configuration: make sure you defined one. You can disable this warning by setting 'hibernate.cache.ehcache.missing_cache_strategy' to 'create'.
26-01-15 16:19:20 [main] WARN  155ogger -HHH90001006: Missing cache[hibernate.cache.com.entity.Users] was created on-the-fly. The created cache will use a provider-specific default configuration: make sure you defined one. You can disable this warning by setting 'hibernate.cache.ehcache.missing_cache_strategy' to 'create'.
26-01-15 16:19:20 [main] WARN  155ogger -HHH90001006: Missing cache[hibernate.cache.com.entity.Provinces] was created on-the-fly. The created cache will use a provider-specific default configuration: make sure you defined one. You can disable this warning by setting 'hibernate.cache.ehcache.missing_cache_strategy' to 'create'.
26-01-15 16:19:20 [main] WARN  155ogger -HHH90001006: Missing cache[hibernate.cache.com.entity.Countries] was created on-the-fly. The created cache will use a provider-specific default configuration: make sure you defined one. You can disable this warning by setting 'hibernate.cache.ehcache.missing_cache_strategy' to 'create'.
26-01-15 16:19:20 [main] WARN  155ogger -HHH90001006: Missing cache[hibernate.cache.com.entity.Districts] was created on-the-fly. The created cache will use a provider-specific default configuration: make sure you defined one. You can disable this warning by setting 'hibernate.cache.ehcache.missing_cache_strategy' to 'create'.
26-01-15 16:19:20 [main] WARN  155ogger -HHH90001006: Missing cache[hibernate.cache.com.entity.LoggedIn] was created on-the-fly. The created cache will use a provider-specific default configuration: make sure you defined one. You can disable this warning by setting 'hibernate.cache.ehcache.missing_cache_strategy' to 'create'.
26-01-15 16:19:21 [main] INFO  47ogger -HHH10001501: Connection obtained from JdbcConnectionAccess [org.hibernate.engine.jdbc.env.internal.JdbcEnvironmentInitiator$ConnectionProviderJdbcConnectionAccess@f758e05] for (non-JTA) DDL execution was not in auto-commit mode; the Connection 'local transaction' will be committed and the Connection will be set into auto-commit mode.
26-01-15 16:19:21 [main] INFO  52ogger -HHH000490: Using JtaPlatform implementation: [org.hibernate.engine.transaction.jta.platform.internal.NoJtaPlatform]
26-01-15 16:19:31 [http-nio-8080-exec-3] WARN  328ogger -Invalid CrendentialsnullPasswordnull
26-01-15 16:19:45 [http-nio-8080-exec-10] INFO  379ogger -User Login SuccessFully Ali IP Address Is :0:0:0:0:0:0:0:1
26-01-15 16:19:58 [http-nio-8080-exec-2] WARN  328ogger -Invalid CrendentialsnullPasswordnull
26-01-15 16:21:41 [Catalina-utility-2] INFO  44ogger -HHH000412: Hibernate ORM core version 5.4.33
26-01-15 16:21:43 [Catalina-utility-2] WARN  60ogger -HHH020100: The Ehcache second-level cache provider for Hibernate is deprecated.  See https://hibernate.atlassian.net/browse/HHH-12441 for details.
26-01-15 16:21:43 [Catalina-utility-2] INFO  56ogger -HCANN000001: Hibernate Commons Annotations {5.1.2.Final}
26-01-15 16:21:44 [Catalina-utility-2] WARN  72ogger -HHH10001002: Using Hibernate built-in connection pool (not for production use!)
26-01-15 16:21:44 [Catalina-utility-2] INFO  115ogger -HHH10001005: using driver [com.mysql.cj.jdbc.Driver] at URL [jdbc:mysql://localhost:3306/nadra_system]
26-01-15 16:21:44 [Catalina-utility-2] INFO  124ogger -HHH10001001: Connection properties: {password=****, user=root}
26-01-15 16:21:44 [Catalina-utility-2] INFO  129ogger -HHH10001003: Autocommit mode: false
26-01-15 16:21:44 [Catalina-utility-2] INFO  259ogger -HHH000115: Hibernate connection pool size: 20 (min=1)
26-01-15 16:21:45 [Catalina-utility-2] INFO  175ogger -HHH000400: Using dialect: org.hibernate.dialect.MySQL5Dialect
26-01-15 16:21:45 [Catalina-utility-2] INFO  97ogger -Envers integration enabled? : true
26-01-15 16:21:50 [Catalina-utility-2] WARN  155ogger -HHH90001006: Missing cache[hibernate.cache.default-update-timestamps-region] was created on-the-fly. The created cache will use a provider-specific default configuration: make sure you defined one. You can disable this warning by setting 'hibernate.cache.ehcache.missing_cache_strategy' to 'create'.
26-01-15 16:21:50 [Catalina-utility-2] WARN  155ogger -HHH90001006: Missing cache[hibernate.cache.default-query-results-region] was created on-the-fly. The created cache will use a provider-specific default configuration: make sure you defined one. You can disable this warning by setting 'hibernate.cache.ehcache.missing_cache_strategy' to 'create'.
26-01-15 16:21:51 [Catalina-utility-2] WARN  155ogger -HHH90001006: Missing cache[hibernate.cache.com.entity.Provinces] was created on-the-fly. The created cache will use a provider-specific default configuration: make sure you defined one. You can disable this warning by setting 'hibernate.cache.ehcache.missing_cache_strategy' to 'create'.
26-01-15 16:21:51 [Catalina-utility-2] WARN  155ogger -HHH90001006: Missing cache[hibernate.cache.com.entity.Users] was created on-the-fly. The created cache will use a provider-specific default configuration: make sure you defined one. You can disable this warning by setting 'hibernate.cache.ehcache.missing_cache_strategy' to 'create'.
26-01-15 16:21:51 [Catalina-utility-2] WARN  155ogger -HHH90001006: Missing cache[hibernate.cache.com.entity.Districts] was created on-the-fly. The created cache will use a provider-specific default configuration: make sure you defined one. You can disable this warning by setting 'hibernate.cache.ehcache.missing_cache_strategy' to 'create'.
26-01-15 16:21:51 [Catalina-utility-2] WARN  155ogger -HHH90001006: Missing cache[hibernate.cache.com.entity.Countries] was created on-the-fly. The created cache will use a provider-specific default configuration: make sure you defined one. You can disable this warning by setting 'hibernate.cache.ehcache.missing_cache_strategy' to 'create'.
26-01-15 16:21:51 [Catalina-utility-2] WARN  155ogger -HHH90001006: Missing cache[hibernate.cache.com.entity.LoggedIn] was created on-the-fly. The created cache will use a provider-specific default configuration: make sure you defined one. You can disable this warning by setting 'hibernate.cache.ehcache.missing_cache_strategy' to 'create'.
26-01-15 16:21:53 [Catalina-utility-2] INFO  47ogger -HHH10001501: Connection obtained from JdbcConnectionAccess [org.hibernate.engine.jdbc.env.internal.JdbcEnvironmentInitiator$ConnectionProviderJdbcConnectionAccess@10fec2de] for (non-JTA) DDL execution was not in auto-commit mode; the Connection 'local transaction' will be committed and the Connection will be set into auto-commit mode.
26-01-15 16:21:54 [Catalina-utility-2] INFO  52ogger -HHH000490: Using JtaPlatform implementation: [org.hibernate.engine.transaction.jta.platform.internal.NoJtaPlatform]
26-01-15 16:21:59 [http-nio-8080-exec-7] WARN  328ogger -Invalid CrendentialsnullPasswordnull
26-01-15 16:25:06 [main] INFO  44ogger -HHH000412: Hibernate ORM core version 5.4.33
26-01-15 16:25:07 [main] WARN  60ogger -HHH020100: The Ehcache second-level cache provider for Hibernate is deprecated.  See https://hibernate.atlassian.net/browse/HHH-12441 for details.
26-01-15 16:25:07 [main] INFO  56ogger -HCANN000001: Hibernate Commons Annotations {5.1.2.Final}
26-01-15 16:25:08 [main] WARN  72ogger -HHH10001002: Using Hibernate built-in connection pool (not for production use!)
26-01-15 16:25:08 [main] INFO  115ogger -HHH10001005: using driver [com.mysql.cj.jdbc.Driver] at URL [jdbc:mysql://localhost:3306/nadra_system]
26-01-15 16:25:08 [main] INFO  124ogger -HHH10001001: Connection properties: {password=****, user=root}
26-01-15 16:25:08 [main] INFO  129ogger -HHH10001003: Autocommit mode: false
26-01-15 16:25:08 [main] INFO  259ogger -HHH000115: Hibernate connection pool size: 20 (min=1)
26-01-15 16:25:08 [main] INFO  175ogger -HHH000400: Using dialect: org.hibernate.dialect.MySQL5Dialect
26-01-15 16:25:08 [main] INFO  97ogger -Envers integration enabled? : true
26-01-15 16:25:10 [main] WARN  155ogger -HHH90001006: Missing cache[hibernate.cache.default-update-timestamps-region] was created on-the-fly. The created cache will use a provider-specific default configuration: make sure you defined one. You can disable this warning by setting 'hibernate.cache.ehcache.missing_cache_strategy' to 'create'.
26-01-15 16:25:10 [main] WARN  155ogger -HHH90001006: Missing cache[hibernate.cache.default-query-results-region] was created on-the-fly. The created cache will use a provider-specific default configuration: make sure you defined one. You can disable this warning by setting 'hibernate.cache.ehcache.missing_cache_strategy' to 'create'.
26-01-15 16:25:10 [main] WARN  155ogger -HHH90001006: Missing cache[hibernate.cache.com.entity.Users] was created on-the-fly. The created cache will use a provider-specific default configuration: make sure you defined one. You can disable this warning by setting 'hibernate.cache.ehcache.missing_cache_strategy' to 'create'.
26-01-15 16:25:10 [main] WARN  155ogger -HHH90001006: Missing cache[hibernate.cache.com.entity.Provinces] was created on-the-fly. The created cache will use a provider-specific default configuration: make sure you defined one. You can disable this warning by setting 'hibernate.cache.ehcache.missing_cache_strategy' to 'create'.
26-01-15 16:25:10 [main] WARN  155ogger -HHH90001006: Missing cache[hibernate.cache.com.entity.Countries] was created on-the-fly. The created cache will use a provider-specific default configuration: make sure you defined one. You can disable this warning by setting 'hibernate.cache.ehcache.missing_cache_strategy' to 'create'.
26-01-15 16:25:10 [main] WARN  155ogger -HHH90001006: Missing cache[hibernate.cache.com.entity.Districts] was created on-the-fly. The created cache will use a provider-specific default configuration: make sure you defined one. You can disable this warning by setting 'hibernate.cache.ehcache.missing_cache_strategy' to 'create'.
26-01-15 16:25:10 [main] WARN  155ogger -HHH90001006: Missing cache[hibernate.cache.com.entity.LoggedIn] was created on-the-fly. The created cache will use a provider-specific default configuration: make sure you defined one. You can disable this warning by setting 'hibernate.cache.ehcache.missing_cache_strategy' to 'create'.
26-01-15 16:25:12 [main] INFO  47ogger -HHH10001501: Connection obtained from JdbcConnectionAccess [org.hibernate.engine.jdbc.env.internal.JdbcEnvironmentInitiator$ConnectionProviderJdbcConnectionAccess@f758e05] for (non-JTA) DDL execution was not in auto-commit mode; the Connection 'local transaction' will be committed and the Connection will be set into auto-commit mode.
26-01-15 16:25:13 [main] INFO  52ogger -HHH000490: Using JtaPlatform implementation: [org.hibernate.engine.transaction.jta.platform.internal.NoJtaPlatform]
26-01-15 16:31:32 [main] INFO  44ogger -HHH000412: Hibernate ORM core version 5.4.33
26-01-15 16:31:33 [main] WARN  60ogger -HHH020100: The Ehcache second-level cache provider for Hibernate is deprecated.  See https://hibernate.atlassian.net/browse/HHH-12441 for details.
26-01-15 16:31:33 [main] INFO  56ogger -HCANN000001: Hibernate Commons Annotations {5.1.2.Final}
26-01-15 16:31:33 [main] WARN  72ogger -HHH10001002: Using Hibernate built-in connection pool (not for production use!)
26-01-15 16:31:33 [main] INFO  115ogger -HHH10001005: using driver [com.mysql.cj.jdbc.Driver] at URL [jdbc:mysql://localhost:3306/nadra_system]
26-01-15 16:31:33 [main] INFO  124ogger -HHH10001001: Connection properties: {password=****, user=root}
26-01-15 16:31:33 [main] INFO  129ogger -HHH10001003: Autocommit mode: false
26-01-15 16:31:33 [main] INFO  259ogger -HHH000115: Hibernate connection pool size: 20 (min=1)
26-01-15 16:31:33 [main] INFO  175ogger -HHH000400: Using dialect: org.hibernate.dialect.MySQL5Dialect
26-01-15 16:31:33 [main] INFO  97ogger -Envers integration enabled? : true
26-01-15 16:31:35 [main] WARN  155ogger -HHH90001006: Missing cache[hibernate.cache.default-update-timestamps-region] was created on-the-fly. The created cache will use a provider-specific default configuration: make sure you defined one. You can disable this warning by setting 'hibernate.cache.ehcache.missing_cache_strategy' to 'create'.
26-01-15 16:31:35 [main] WARN  155ogger -HHH90001006: Missing cache[hibernate.cache.default-query-results-region] was created on-the-fly. The created cache will use a provider-specific default configuration: make sure you defined one. You can disable this warning by setting 'hibernate.cache.ehcache.missing_cache_strategy' to 'create'.
26-01-15 16:31:35 [main] WARN  155ogger -HHH90001006: Missing cache[hibernate.cache.com.entity.Users] was created on-the-fly. The created cache will use a provider-specific default configuration: make sure you defined one. You can disable this warning by setting 'hibernate.cache.ehcache.missing_cache_strategy' to 'create'.
26-01-15 16:31:35 [main] WARN  155ogger -HHH90001006: Missing cache[hibernate.cache.com.entity.Provinces] was created on-the-fly. The created cache will use a provider-specific default configuration: make sure you defined one. You can disable this warning by setting 'hibernate.cache.ehcache.missing_cache_strategy' to 'create'.
26-01-15 16:31:35 [main] WARN  155ogger -HHH90001006: Missing cache[hibernate.cache.com.entity.Countries] was created on-the-fly. The created cache will use a provider-specific default configuration: make sure you defined one. You can disable this warning by setting 'hibernate.cache.ehcache.missing_cache_strategy' to 'create'.
26-01-15 16:31:35 [main] WARN  155ogger -HHH90001006: Missing cache[hibernate.cache.com.entity.Districts] was created on-the-fly. The created cache will use a provider-specific default configuration: make sure you defined one. You can disable this warning by setting 'hibernate.cache.ehcache.missing_cache_strategy' to 'create'.
26-01-15 16:31:35 [main] WARN  155ogger -HHH90001006: Missing cache[hibernate.cache.com.entity.LoggedIn] was created on-the-fly. The created cache will use a provider-specific default configuration: make sure you defined one. You can disable this warning by setting 'hibernate.cache.ehcache.missing_cache_strategy' to 'create'.
26-01-15 16:31:36 [main] INFO  47ogger -HHH10001501: Connection obtained from JdbcConnectionAccess [org.hibernate.engine.jdbc.env.internal.JdbcEnvironmentInitiator$ConnectionProviderJdbcConnectionAccess@f758e05] for (non-JTA) DDL execution was not in auto-commit mode; the Connection 'local transaction' will be committed and the Connection will be set into auto-commit mode.
26-01-15 16:31:36 [main] INFO  52ogger -HHH000490: Using JtaPlatform implementation: [org.hibernate.engine.transaction.jta.platform.internal.NoJtaPlatform]
26-01-15 16:31:44 [http-nio-8080-exec-3] WARN  337ogger -Invalid CrendentialsnullPasswordnull
26-01-15 16:33:45 [main] INFO  44ogger -HHH000412: Hibernate ORM core version 5.4.33
26-01-15 16:33:47 [main] WARN  60ogger -HHH020100: The Ehcache second-level cache provider for Hibernate is deprecated.  See https://hibernate.atlassian.net/browse/HHH-12441 for details.
26-01-15 16:33:47 [main] INFO  56ogger -HCANN000001: Hibernate Commons Annotations {5.1.2.Final}
26-01-15 16:33:47 [main] WARN  72ogger -HHH10001002: Using Hibernate built-in connection pool (not for production use!)
26-01-15 16:33:47 [main] INFO  115ogger -HHH10001005: using driver [com.mysql.cj.jdbc.Driver] at URL [jdbc:mysql://localhost:3306/nadra_system]
26-01-15 16:33:47 [main] INFO  124ogger -HHH10001001: Connection properties: {password=****, user=root}
26-01-15 16:33:47 [main] INFO  129ogger -HHH10001003: Autocommit mode: false
26-01-15 16:33:47 [main] INFO  259ogger -HHH000115: Hibernate connection pool size: 20 (min=1)
26-01-15 16:33:48 [main] INFO  175ogger -HHH000400: Using dialect: org.hibernate.dialect.MySQL5Dialect
26-01-15 16:33:48 [main] INFO  97ogger -Envers integration enabled? : true
26-01-15 16:33:50 [main] WARN  155ogger -HHH90001006: Missing cache[hibernate.cache.default-update-timestamps-region] was created on-the-fly. The created cache will use a provider-specific default configuration: make sure you defined one. You can disable this warning by setting 'hibernate.cache.ehcache.missing_cache_strategy' to 'create'.
26-01-15 16:33:50 [main] WARN  155ogger -HHH90001006: Missing cache[hibernate.cache.default-query-results-region] was created on-the-fly. The created cache will use a provider-specific default configuration: make sure you defined one. You can disable this warning by setting 'hibernate.cache.ehcache.missing_cache_strategy' to 'create'.
26-01-15 16:33:50 [main] WARN  155ogger -HHH90001006: Missing cache[hibernate.cache.com.entity.Users] was created on-the-fly. The created cache will use a provider-specific default configuration: make sure you defined one. You can disable this warning by setting 'hibernate.cache.ehcache.missing_cache_strategy' to 'create'.
26-01-15 16:33:50 [main] WARN  155ogger -HHH90001006: Missing cache[hibernate.cache.com.entity.Provinces] was created on-the-fly. The created cache will use a provider-specific default configuration: make sure you defined one. You can disable this warning by setting 'hibernate.cache.ehcache.missing_cache_strategy' to 'create'.
26-01-15 16:33:50 [main] WARN  155ogger -HHH90001006: Missing cache[hibernate.cache.com.entity.Countries] was created on-the-fly. The created cache will use a provider-specific default configuration: make sure you defined one. You can disable this warning by setting 'hibernate.cache.ehcache.missing_cache_strategy' to 'create'.
26-01-15 16:33:50 [main] WARN  155ogger -HHH90001006: Missing cache[hibernate.cache.com.entity.Districts] was created on-the-fly. The created cache will use a provider-specific default configuration: make sure you defined one. You can disable this warning by setting 'hibernate.cache.ehcache.missing_cache_strategy' to 'create'.
26-01-15 16:33:50 [main] WARN  155ogger -HHH90001006: Missing cache[hibernate.cache.com.entity.LoggedIn] was created on-the-fly. The created cache will use a provider-specific default configuration: make sure you defined one. You can disable this warning by setting 'hibernate.cache.ehcache.missing_cache_strategy' to 'create'.
26-01-15 16:33:51 [main] INFO  47ogger -HHH10001501: Connection obtained from JdbcConnectionAccess [org.hibernate.engine.jdbc.env.internal.JdbcEnvironmentInitiator$ConnectionProviderJdbcConnectionAccess@f758e05] for (non-JTA) DDL execution was not in auto-commit mode; the Connection 'local transaction' will be committed and the Connection will be set into auto-commit mode.
26-01-15 16:33:51 [main] INFO  52ogger -HHH000490: Using JtaPlatform implementation: [org.hibernate.engine.transaction.jta.platform.internal.NoJtaPlatform]
26-01-15 16:34:01 [http-nio-8080-exec-3] WARN  337ogger -Invalid CrendentialsnullPasswordnull
26-01-15 16:35:49 [Catalina-utility-1] INFO  44ogger -HHH000412: Hibernate ORM core version 5.4.33
26-01-15 16:35:51 [Catalina-utility-1] WARN  60ogger -HHH020100: The Ehcache second-level cache provider for Hibernate is deprecated.  See https://hibernate.atlassian.net/browse/HHH-12441 for details.
26-01-15 16:35:51 [Catalina-utility-1] INFO  56ogger -HCANN000001: Hibernate Commons Annotations {5.1.2.Final}
26-01-15 16:35:51 [Catalina-utility-1] WARN  72ogger -HHH10001002: Using Hibernate built-in connection pool (not for production use!)
26-01-15 16:35:51 [Catalina-utility-1] INFO  115ogger -HHH10001005: using driver [com.mysql.cj.jdbc.Driver] at URL [jdbc:mysql://localhost:3306/nadra_system]
26-01-15 16:35:51 [Catalina-utility-1] INFO  124ogger -HHH10001001: Connection properties: {password=****, user=root}
26-01-15 16:35:51 [Catalina-utility-1] INFO  129ogger -HHH10001003: Autocommit mode: false
26-01-15 16:35:51 [Catalina-utility-1] INFO  259ogger -HHH000115: Hibernate connection pool size: 20 (min=1)
26-01-15 16:35:52 [Catalina-utility-1] INFO  175ogger -HHH000400: Using dialect: org.hibernate.dialect.MySQL5Dialect
26-01-15 16:35:52 [Catalina-utility-1] INFO  97ogger -Envers integration enabled? : true
26-01-15 16:35:54 [Catalina-utility-1] WARN  155ogger -HHH90001006: Missing cache[hibernate.cache.default-update-timestamps-region] was created on-the-fly. The created cache will use a provider-specific default configuration: make sure you defined one. You can disable this warning by setting 'hibernate.cache.ehcache.missing_cache_strategy' to 'create'.
26-01-15 16:35:54 [Catalina-utility-1] WARN  155ogger -HHH90001006: Missing cache[hibernate.cache.default-query-results-region] was created on-the-fly. The created cache will use a provider-specific default configuration: make sure you defined one. You can disable this warning by setting 'hibernate.cache.ehcache.missing_cache_strategy' to 'create'.
26-01-15 16:35:55 [Catalina-utility-1] WARN  155ogger -HHH90001006: Missing cache[hibernate.cache.com.entity.Countries] was created on-the-fly. The created cache will use a provider-specific default configuration: make sure you defined one. You can disable this warning by setting 'hibernate.cache.ehcache.missing_cache_strategy' to 'create'.
26-01-15 16:35:55 [Catalina-utility-1] WARN  155ogger -HHH90001006: Missing cache[hibernate.cache.com.entity.Users] was created on-the-fly. The created cache will use a provider-specific default configuration: make sure you defined one. You can disable this warning by setting 'hibernate.cache.ehcache.missing_cache_strategy' to 'create'.
26-01-15 16:35:55 [Catalina-utility-1] WARN  155ogger -HHH90001006: Missing cache[hibernate.cache.com.entity.Provinces] was created on-the-fly. The created cache will use a provider-specific default configuration: make sure you defined one. You can disable this warning by setting 'hibernate.cache.ehcache.missing_cache_strategy' to 'create'.
26-01-15 16:35:55 [Catalina-utility-1] WARN  155ogger -HHH90001006: Missing cache[hibernate.cache.com.entity.LoggedIn] was created on-the-fly. The created cache will use a provider-specific default configuration: make sure you defined one. You can disable this warning by setting 'hibernate.cache.ehcache.missing_cache_strategy' to 'create'.
26-01-15 16:35:55 [Catalina-utility-1] WARN  155ogger -HHH90001006: Missing cache[hibernate.cache.com.entity.Districts] was created on-the-fly. The created cache will use a provider-specific default configuration: make sure you defined one. You can disable this warning by setting 'hibernate.cache.ehcache.missing_cache_strategy' to 'create'.
26-01-15 16:35:56 [Catalina-utility-1] INFO  47ogger -HHH10001501: Connection obtained from JdbcConnectionAccess [org.hibernate.engine.jdbc.env.internal.JdbcEnvironmentInitiator$ConnectionProviderJdbcConnectionAccess@fe244ae] for (non-JTA) DDL execution was not in auto-commit mode; the Connection 'local transaction' will be committed and the Connection will be set into auto-commit mode.
26-01-15 16:35:57 [Catalina-utility-1] INFO  52ogger -HHH000490: Using JtaPlatform implementation: [org.hibernate.engine.transaction.jta.platform.internal.NoJtaPlatform]
26-01-15 16:35:58 [http-nio-8080-exec-8] WARN  337ogger -Invalid CrendentialsnullPasswordnull
26-01-15 16:36:05 [http-nio-8080-exec-2] WARN  337ogger -Invalid CrendentialsnullPasswordnull
26-01-15 16:37:41 [http-nio-8080-exec-13] INFO  388ogger -User Login SuccessFully Ali IP Address Is :0:0:0:0:0:0:0:1
26-01-15 16:38:47 [http-nio-8080-exec-12] INFO  464ogger -Logout SuccessFullAli
26-01-15 16:42:07 [main] INFO  44ogger -HHH000412: Hibernate ORM core version 5.4.33
26-01-15 16:42:08 [main] WARN  60ogger -HHH020100: The Ehcache second-level cache provider for Hibernate is deprecated.  See https://hibernate.atlassian.net/browse/HHH-12441 for details.
26-01-15 16:42:08 [main] INFO  56ogger -HCANN000001: Hibernate Commons Annotations {5.1.2.Final}
26-01-15 16:42:08 [main] WARN  72ogger -HHH10001002: Using Hibernate built-in connection pool (not for production use!)
26-01-15 16:42:08 [main] INFO  115ogger -HHH10001005: using driver [com.mysql.cj.jdbc.Driver] at URL [jdbc:mysql://localhost:3306/nadra_system]
26-01-15 16:42:08 [main] INFO  124ogger -HHH10001001: Connection properties: {password=****, user=root}
26-01-15 16:42:08 [main] INFO  129ogger -HHH10001003: Autocommit mode: false
26-01-15 16:42:08 [main] INFO  259ogger -HHH000115: Hibernate connection pool size: 20 (min=1)
26-01-15 16:42:09 [main] INFO  175ogger -HHH000400: Using dialect: org.hibernate.dialect.MySQL5Dialect
26-01-15 16:42:09 [main] INFO  97ogger -Envers integration enabled? : true
26-01-15 16:42:10 [main] WARN  155ogger -HHH90001006: Missing cache[hibernate.cache.default-update-timestamps-region] was created on-the-fly. The created cache will use a provider-specific default configuration: make sure you defined one. You can disable this warning by setting 'hibernate.cache.ehcache.missing_cache_strategy' to 'create'.
26-01-15 16:42:10 [main] WARN  155ogger -HHH90001006: Missing cache[hibernate.cache.default-query-results-region] was created on-the-fly. The created cache will use a provider-specific default configuration: make sure you defined one. You can disable this warning by setting 'hibernate.cache.ehcache.missing_cache_strategy' to 'create'.
26-01-15 16:42:10 [main] WARN  155ogger -HHH90001006: Missing cache[hibernate.cache.com.entity.Users] was created on-the-fly. The created cache will use a provider-specific default configuration: make sure you defined one. You can disable this warning by setting 'hibernate.cache.ehcache.missing_cache_strategy' to 'create'.
26-01-15 16:42:10 [main] WARN  155ogger -HHH90001006: Missing cache[hibernate.cache.com.entity.Provinces] was created on-the-fly. The created cache will use a provider-specific default configuration: make sure you defined one. You can disable this warning by setting 'hibernate.cache.ehcache.missing_cache_strategy' to 'create'.
26-01-15 16:42:10 [main] WARN  155ogger -HHH90001006: Missing cache[hibernate.cache.com.entity.Countries] was created on-the-fly. The created cache will use a provider-specific default configuration: make sure you defined one. You can disable this warning by setting 'hibernate.cache.ehcache.missing_cache_strategy' to 'create'.
26-01-15 16:42:10 [main] WARN  155ogger -HHH90001006: Missing cache[hibernate.cache.com.entity.Districts] was created on-the-fly. The created cache will use a provider-specific default configuration: make sure you defined one. You can disable this warning by setting 'hibernate.cache.ehcache.missing_cache_strategy' to 'create'.
26-01-15 16:42:10 [main] WARN  155ogger -HHH90001006: Missing cache[hibernate.cache.com.entity.LoggedIn] was created on-the-fly. The created cache will use a provider-specific default configuration: make sure you defined one. You can disable this warning by setting 'hibernate.cache.ehcache.missing_cache_strategy' to 'create'.
26-01-15 16:42:11 [main] INFO  47ogger -HHH10001501: Connection obtained from JdbcConnectionAccess [org.hibernate.engine.jdbc.env.internal.JdbcEnvironmentInitiator$ConnectionProviderJdbcConnectionAccess@f758e05] for (non-JTA) DDL execution was not in auto-commit mode; the Connection 'local transaction' will be committed and the Connection will be set into auto-commit mode.
26-01-15 16:42:11 [main] INFO  52ogger -HHH000490: Using JtaPlatform implementation: [org.hibernate.engine.transaction.jta.platform.internal.NoJtaPlatform]
26-01-15 16:43:25 [http-nio-8080-exec-10] INFO  388ogger -User Login SuccessFully Ali IP Address Is :0:0:0:0:0:0:0:1
26-01-15 16:44:37 [http-nio-8080-exec-7] INFO  464ogger -Logout SuccessFullAli
26-01-15 16:45:54 [Catalina-utility-2] INFO  44ogger -HHH000412: Hibernate ORM core version 5.4.33
26-01-15 16:45:55 [Catalina-utility-2] WARN  60ogger -HHH020100: The Ehcache second-level cache provider for Hibernate is deprecated.  See https://hibernate.atlassian.net/browse/HHH-12441 for details.
26-01-15 16:45:55 [Catalina-utility-2] INFO  56ogger -HCANN000001: Hibernate Commons Annotations {5.1.2.Final}
26-01-15 16:45:55 [Catalina-utility-2] WARN  72ogger -HHH10001002: Using Hibernate built-in connection pool (not for production use!)
26-01-15 16:45:55 [Catalina-utility-2] INFO  115ogger -HHH10001005: using driver [com.mysql.cj.jdbc.Driver] at URL [jdbc:mysql://localhost:3306/nadra_system]
26-01-15 16:45:55 [Catalina-utility-2] INFO  124ogger -HHH10001001: Connection properties: {password=****, user=root}
26-01-15 16:45:55 [Catalina-utility-2] INFO  129ogger -HHH10001003: Autocommit mode: false
26-01-15 16:45:55 [Catalina-utility-2] INFO  259ogger -HHH000115: Hibernate connection pool size: 20 (min=1)
26-01-15 16:45:55 [Catalina-utility-2] INFO  175ogger -HHH000400: Using dialect: org.hibernate.dialect.MySQL5Dialect
26-01-15 16:45:55 [Catalina-utility-2] INFO  97ogger -Envers integration enabled? : true
26-01-15 16:45:57 [Catalina-utility-2] WARN  155ogger -HHH90001006: Missing cache[hibernate.cache.default-update-timestamps-region] was created on-the-fly. The created cache will use a provider-specific default configuration: make sure you defined one. You can disable this warning by setting 'hibernate.cache.ehcache.missing_cache_strategy' to 'create'.
26-01-15 16:45:57 [Catalina-utility-2] WARN  155ogger -HHH90001006: Missing cache[hibernate.cache.default-query-results-region] was created on-the-fly. The created cache will use a provider-specific default configuration: make sure you defined one. You can disable this warning by setting 'hibernate.cache.ehcache.missing_cache_strategy' to 'create'.
26-01-15 16:45:57 [Catalina-utility-2] WARN  155ogger -HHH90001006: Missing cache[hibernate.cache.com.entity.Users] was created on-the-fly. The created cache will use a provider-specific default configuration: make sure you defined one. You can disable this warning by setting 'hibernate.cache.ehcache.missing_cache_strategy' to 'create'.
26-01-15 16:45:57 [Catalina-utility-2] WARN  155ogger -HHH90001006: Missing cache[hibernate.cache.com.entity.Provinces] was created on-the-fly. The created cache will use a provider-specific default configuration: make sure you defined one. You can disable this warning by setting 'hibernate.cache.ehcache.missing_cache_strategy' to 'create'.
26-01-15 16:45:57 [Catalina-utility-2] WARN  155ogger -HHH90001006: Missing cache[hibernate.cache.com.entity.Districts] was created on-the-fly. The created cache will use a provider-specific default configuration: make sure you defined one. You can disable this warning by setting 'hibernate.cache.ehcache.missing_cache_strategy' to 'create'.
26-01-15 16:45:57 [Catalina-utility-2] WARN  155ogger -HHH90001006: Missing cache[hibernate.cache.com.entity.Countries] was created on-the-fly. The created cache will use a provider-specific default configuration: make sure you defined one. You can disable this warning by setting 'hibernate.cache.ehcache.missing_cache_strategy' to 'create'.
26-01-15 16:45:57 [Catalina-utility-2] WARN  155ogger -HHH90001006: Missing cache[hibernate.cache.com.entity.LoggedIn] was created on-the-fly. The created cache will use a provider-specific default configuration: make sure you defined one. You can disable this warning by setting 'hibernate.cache.ehcache.missing_cache_strategy' to 'create'.
26-01-15 16:45:57 [Catalina-utility-2] INFO  47ogger -HHH10001501: Connection obtained from JdbcConnectionAccess [org.hibernate.engine.jdbc.env.internal.JdbcEnvironmentInitiator$ConnectionProviderJdbcConnectionAccess@44c49340] for (non-JTA) DDL execution was not in auto-commit mode; the Connection 'local transaction' will be committed and the Connection will be set into auto-commit mode.
26-01-15 16:45:58 [Catalina-utility-2] INFO  52ogger -HHH000490: Using JtaPlatform implementation: [org.hibernate.engine.transaction.jta.platform.internal.NoJtaPlatform]
26-01-15 16:47:48 [http-nio-8080-exec-10] INFO  388ogger -User Login SuccessFully Ali IP Address Is :0:0:0:0:0:0:0:1
26-01-15 16:49:40 [http-nio-8080-exec-13] INFO  388ogger -User Login SuccessFully Ali Raza IP Address Is :0:0:0:0:0:0:0:1
26-01-15 16:50:13 [http-nio-8080-exec-11] INFO  388ogger -User Login SuccessFully Muhammad Rafay IP Address Is :0:0:0:0:0:0:0:1
26-01-15 16:51:26 [Catalina-utility-2] INFO  44ogger -HHH000412: Hibernate ORM core version 5.4.33
26-01-15 16:51:27 [Catalina-utility-2] WARN  60ogger -HHH020100: The Ehcache second-level cache provider for Hibernate is deprecated.  See https://hibernate.atlassian.net/browse/HHH-12441 for details.
26-01-15 16:51:27 [Catalina-utility-2] INFO  56ogger -HCANN000001: Hibernate Commons Annotations {5.1.2.Final}
26-01-15 16:51:28 [Catalina-utility-2] WARN  72ogger -HHH10001002: Using Hibernate built-in connection pool (not for production use!)
26-01-15 16:51:28 [Catalina-utility-2] INFO  115ogger -HHH10001005: using driver [com.mysql.cj.jdbc.Driver] at URL [jdbc:mysql://localhost:3306/nadra_system]
26-01-15 16:51:28 [Catalina-utility-2] INFO  124ogger -HHH10001001: Connection properties: {password=****, user=root}
26-01-15 16:51:28 [Catalina-utility-2] INFO  129ogger -HHH10001003: Autocommit mode: false
26-01-15 16:51:28 [Catalina-utility-2] INFO  259ogger -HHH000115: Hibernate connection pool size: 20 (min=1)
26-01-15 16:51:28 [Catalina-utility-2] INFO  175ogger -HHH000400: Using dialect: org.hibernate.dialect.MySQL5Dialect
26-01-15 16:51:28 [Catalina-utility-2] INFO  97ogger -Envers integration enabled? : true
26-01-15 16:51:30 [Catalina-utility-2] WARN  155ogger -HHH90001006: Missing cache[hibernate.cache.default-update-timestamps-region] was created on-the-fly. The created cache will use a provider-specific default configuration: make sure you defined one. You can disable this warning by setting 'hibernate.cache.ehcache.missing_cache_strategy' to 'create'.
26-01-15 16:51:30 [Catalina-utility-2] WARN  155ogger -HHH90001006: Missing cache[hibernate.cache.default-query-results-region] was created on-the-fly. The created cache will use a provider-specific default configuration: make sure you defined one. You can disable this warning by setting 'hibernate.cache.ehcache.missing_cache_strategy' to 'create'.
26-01-15 16:51:31 [Catalina-utility-2] WARN  155ogger -HHH90001006: Missing cache[hibernate.cache.com.entity.Provinces] was created on-the-fly. The created cache will use a provider-specific default configuration: make sure you defined one. You can disable this warning by setting 'hibernate.cache.ehcache.missing_cache_strategy' to 'create'.
26-01-15 16:51:31 [Catalina-utility-2] WARN  155ogger -HHH90001006: Missing cache[hibernate.cache.com.entity.Users] was created on-the-fly. The created cache will use a provider-specific default configuration: make sure you defined one. You can disable this warning by setting 'hibernate.cache.ehcache.missing_cache_strategy' to 'create'.
26-01-15 16:51:31 [Catalina-utility-2] WARN  155ogger -HHH90001006: Missing cache[hibernate.cache.com.entity.Countries] was created on-the-fly. The created cache will use a provider-specific default configuration: make sure you defined one. You can disable this warning by setting 'hibernate.cache.ehcache.missing_cache_strategy' to 'create'.
26-01-15 16:51:31 [Catalina-utility-2] WARN  155ogger -HHH90001006: Missing cache[hibernate.cache.com.entity.Districts] was created on-the-fly. The created cache will use a provider-specific default configuration: make sure you defined one. You can disable this warning by setting 'hibernate.cache.ehcache.missing_cache_strategy' to 'create'.
26-01-15 16:51:31 [Catalina-utility-2] WARN  155ogger -HHH90001006: Missing cache[hibernate.cache.com.entity.LoggedIn] was created on-the-fly. The created cache will use a provider-specific default configuration: make sure you defined one. You can disable this warning by setting 'hibernate.cache.ehcache.missing_cache_strategy' to 'create'.
26-01-15 16:51:32 [Catalina-utility-2] INFO  47ogger -HHH10001501: Connection obtained from JdbcConnectionAccess [org.hibernate.engine.jdbc.env.internal.JdbcEnvironmentInitiator$ConnectionProviderJdbcConnectionAccess@51b7b0e] for (non-JTA) DDL execution was not in auto-commit mode; the Connection 'local transaction' will be committed and the Connection will be set into auto-commit mode.
26-01-15 16:51:32 [Catalina-utility-2] INFO  52ogger -HHH000490: Using JtaPlatform implementation: [org.hibernate.engine.transaction.jta.platform.internal.NoJtaPlatform]
26-01-15 16:55:03 [http-nio-8080-exec-21] WARN  338ogger -Invalid CrendentialsnullPasswordnull
26-01-15 16:56:03 [main] INFO  44ogger -HHH000412: Hibernate ORM core version 5.4.33
26-01-15 16:56:05 [main] WARN  60ogger -HHH020100: The Ehcache second-level cache provider for Hibernate is deprecated.  See https://hibernate.atlassian.net/browse/HHH-12441 for details.
26-01-15 16:56:05 [main] INFO  56ogger -HCANN000001: Hibernate Commons Annotations {5.1.2.Final}
26-01-15 16:56:06 [main] WARN  72ogger -HHH10001002: Using Hibernate built-in connection pool (not for production use!)
26-01-15 16:56:06 [main] INFO  115ogger -HHH10001005: using driver [com.mysql.cj.jdbc.Driver] at URL [jdbc:mysql://localhost:3306/nadra_system]
26-01-15 16:56:06 [main] INFO  124ogger -HHH10001001: Connection properties: {password=****, user=root}
26-01-15 16:56:06 [main] INFO  129ogger -HHH10001003: Autocommit mode: false
26-01-15 16:56:06 [main] INFO  259ogger -HHH000115: Hibernate connection pool size: 20 (min=1)
26-01-15 16:56:06 [main] INFO  175ogger -HHH000400: Using dialect: org.hibernate.dialect.MySQL5Dialect
26-01-15 16:56:07 [main] INFO  97ogger -Envers integration enabled? : true
26-01-15 16:56:10 [main] WARN  155ogger -HHH90001006: Missing cache[hibernate.cache.default-update-timestamps-region] was created on-the-fly. The created cache will use a provider-specific default configuration: make sure you defined one. You can disable this warning by setting 'hibernate.cache.ehcache.missing_cache_strategy' to 'create'.
26-01-15 16:56:10 [main] WARN  155ogger -HHH90001006: Missing cache[hibernate.cache.default-query-results-region] was created on-the-fly. The created cache will use a provider-specific default configuration: make sure you defined one. You can disable this warning by setting 'hibernate.cache.ehcache.missing_cache_strategy' to 'create'.
26-01-15 16:56:10 [main] WARN  155ogger -HHH90001006: Missing cache[hibernate.cache.com.entity.Countries] was created on-the-fly. The created cache will use a provider-specific default configuration: make sure you defined one. You can disable this warning by setting 'hibernate.cache.ehcache.missing_cache_strategy' to 'create'.
26-01-15 16:56:10 [main] WARN  155ogger -HHH90001006: Missing cache[hibernate.cache.com.entity.Provinces] was created on-the-fly. The created cache will use a provider-specific default configuration: make sure you defined one. You can disable this warning by setting 'hibernate.cache.ehcache.missing_cache_strategy' to 'create'.
26-01-15 16:56:10 [main] WARN  155ogger -HHH90001006: Missing cache[hibernate.cache.com.entity.LoggedIn] was created on-the-fly. The created cache will use a provider-specific default configuration: make sure you defined one. You can disable this warning by setting 'hibernate.cache.ehcache.missing_cache_strategy' to 'create'.
26-01-15 16:56:10 [main] WARN  155ogger -HHH90001006: Missing cache[hibernate.cache.com.entity.Users] was created on-the-fly. The created cache will use a provider-specific default configuration: make sure you defined one. You can disable this warning by setting 'hibernate.cache.ehcache.missing_cache_strategy' to 'create'.
26-01-15 16:56:10 [main] WARN  155ogger -HHH90001006: Missing cache[hibernate.cache.com.entity.Districts] was created on-the-fly. The created cache will use a provider-specific default configuration: make sure you defined one. You can disable this warning by setting 'hibernate.cache.ehcache.missing_cache_strategy' to 'create'.
26-01-15 16:56:11 [main] INFO  47ogger -HHH10001501: Connection obtained from JdbcConnectionAccess [org.hibernate.engine.jdbc.env.internal.JdbcEnvironmentInitiator$ConnectionProviderJdbcConnectionAccess@53fd061d] for (non-JTA) DDL execution was not in auto-commit mode; the Connection 'local transaction' will be committed and the Connection will be set into auto-commit mode.
26-01-15 16:56:12 [main] INFO  52ogger -HHH000490: Using JtaPlatform implementation: [org.hibernate.engine.transaction.jta.platform.internal.NoJtaPlatform]
26-01-15 16:56:21 [http-nio-8080-exec-4] WARN  338ogger -Invalid CrendentialsnullPasswordnull
26-01-15 16:58:43 [main] INFO  44ogger -HHH000412: Hibernate ORM core version 5.4.33
26-01-15 16:58:44 [main] WARN  60ogger -HHH020100: The Ehcache second-level cache provider for Hibernate is deprecated.  See https://hibernate.atlassian.net/browse/HHH-12441 for details.
26-01-15 16:58:44 [main] INFO  56ogger -HCANN000001: Hibernate Commons Annotations {5.1.2.Final}
26-01-15 16:58:44 [main] WARN  72ogger -HHH10001002: Using Hibernate built-in connection pool (not for production use!)
26-01-15 16:58:44 [main] INFO  115ogger -HHH10001005: using driver [com.mysql.cj.jdbc.Driver] at URL [jdbc:mysql://localhost:3306/nadra_system]
26-01-15 16:58:44 [main] INFO  124ogger -HHH10001001: Connection properties: {password=****, user=root}
26-01-15 16:58:44 [main] INFO  129ogger -HHH10001003: Autocommit mode: false
26-01-15 16:58:44 [main] INFO  259ogger -HHH000115: Hibernate connection pool size: 20 (min=1)
26-01-15 16:58:44 [main] INFO  175ogger -HHH000400: Using dialect: org.hibernate.dialect.MySQL5Dialect
26-01-15 16:58:44 [main] INFO  97ogger -Envers integration enabled? : true
26-01-15 16:58:46 [main] WARN  155ogger -HHH90001006: Missing cache[hibernate.cache.default-update-timestamps-region] was created on-the-fly. The created cache will use a provider-specific default configuration: make sure you defined one. You can disable this warning by setting 'hibernate.cache.ehcache.missing_cache_strategy' to 'create'.
26-01-15 16:58:46 [main] WARN  155ogger -HHH90001006: Missing cache[hibernate.cache.default-query-results-region] was created on-the-fly. The created cache will use a provider-specific default configuration: make sure you defined one. You can disable this warning by setting 'hibernate.cache.ehcache.missing_cache_strategy' to 'create'.
26-01-15 16:58:46 [main] WARN  155ogger -HHH90001006: Missing cache[hibernate.cache.com.entity.Users] was created on-the-fly. The created cache will use a provider-specific default configuration: make sure you defined one. You can disable this warning by setting 'hibernate.cache.ehcache.missing_cache_strategy' to 'create'.
26-01-15 16:58:46 [main] WARN  155ogger -HHH90001006: Missing cache[hibernate.cache.com.entity.Provinces] was created on-the-fly. The created cache will use a provider-specific default configuration: make sure you defined one. You can disable this warning by setting 'hibernate.cache.ehcache.missing_cache_strategy' to 'create'.
26-01-15 16:58:46 [main] WARN  155ogger -HHH90001006: Missing cache[hibernate.cache.com.entity.Countries] was created on-the-fly. The created cache will use a provider-specific default configuration: make sure you defined one. You can disable this warning by setting 'hibernate.cache.ehcache.missing_cache_strategy' to 'create'.
26-01-15 16:58:46 [main] WARN  155ogger -HHH90001006: Missing cache[hibernate.cache.com.entity.Districts] was created on-the-fly. The created cache will use a provider-specific default configuration: make sure you defined one. You can disable this warning by setting 'hibernate.cache.ehcache.missing_cache_strategy' to 'create'.
26-01-15 16:58:46 [main] WARN  155ogger -HHH90001006: Missing cache[hibernate.cache.com.entity.LoggedIn] was created on-the-fly. The created cache will use a provider-specific default configuration: make sure you defined one. You can disable this warning by setting 'hibernate.cache.ehcache.missing_cache_strategy' to 'create'.
26-01-15 16:58:47 [main] INFO  47ogger -HHH10001501: Connection obtained from JdbcConnectionAccess [org.hibernate.engine.jdbc.env.internal.JdbcEnvironmentInitiator$ConnectionProviderJdbcConnectionAccess@f758e05] for (non-JTA) DDL execution was not in auto-commit mode; the Connection 'local transaction' will be committed and the Connection will be set into auto-commit mode.
26-01-15 16:58:47 [main] INFO  52ogger -HHH000490: Using JtaPlatform implementation: [org.hibernate.engine.transaction.jta.platform.internal.NoJtaPlatform]
26-01-15 16:58:54 [http-nio-8080-exec-3] WARN  338ogger -Invalid CrendentialsnullPasswordnull
26-01-15 17:01:46 [http-nio-8080-exec-8] WARN  338ogger -Invalid CrendentialsnullPasswordnull
26-01-15 17:02:02 [http-nio-8080-exec-10] INFO  389ogger -User Login SuccessFully Ali Raza IP Address Is :0:0:0:0:0:0:0:1
26-01-15 17:03:28 [http-nio-8080-exec-6] INFO  389ogger -User Login SuccessFully Ali Raza IP Address Is :0:0:0:0:0:0:0:1
26-01-15 17:03:48 [http-nio-8080-exec-9] INFO  435ogger -Login From Another BrowserAli Raza
26-01-15 17:20:26 [http-nio-8080-exec-2] INFO  389ogger -User Login SuccessFully Ali Raza IP Address Is :0:0:0:0:0:0:0:1
26-01-15 17:23:15 [http-nio-8080-exec-1] INFO  389ogger -User Login SuccessFully Ali Raza IP Address Is :0:0:0:0:0:0:0:1
26-01-15 17:23:47 [http-nio-8080-exec-3] INFO  465ogger -Logout SuccessFullAli Raza
26-01-15 17:24:05 [http-nio-8080-exec-5] WARN  338ogger -Invalid CrendentialsnullPasswordnull
26-01-15 17:27:38 [http-nio-8080-exec-4] INFO  389ogger -User Login SuccessFully Muhammad Rafay IP Address Is :0:0:0:0:0:0:0:1
26-01-15 17:28:54 [http-nio-8080-exec-9] INFO  389ogger -User Login SuccessFully Muhammad Rafay IP Address Is :0:0:0:0:0:0:0:1
26-01-15 17:30:29 [http-nio-8080-exec-4] INFO  389ogger -User Login SuccessFully Muhammad Rafay IP Address Is :0:0:0:0:0:0:0:1
26-01-15 17:35:06 [Catalina-utility-1] INFO  44ogger -HHH000412: Hibernate ORM core version 5.4.33
26-01-15 17:35:07 [Catalina-utility-1] WARN  60ogger -HHH020100: The Ehcache second-level cache provider for Hibernate is deprecated.  See https://hibernate.atlassian.net/browse/HHH-12441 for details.
26-01-15 17:35:07 [Catalina-utility-1] INFO  56ogger -HCANN000001: Hibernate Commons Annotations {5.1.2.Final}
26-01-15 17:35:08 [Catalina-utility-1] WARN  72ogger -HHH10001002: Using Hibernate built-in connection pool (not for production use!)
26-01-15 17:35:08 [Catalina-utility-1] INFO  115ogger -HHH10001005: using driver [com.mysql.cj.jdbc.Driver] at URL [jdbc:mysql://localhost:3306/nadra_system]
26-01-15 17:35:08 [Catalina-utility-1] INFO  124ogger -HHH10001001: Connection properties: {password=****, user=root}
26-01-15 17:35:08 [Catalina-utility-1] INFO  129ogger -HHH10001003: Autocommit mode: false
26-01-15 17:35:08 [Catalina-utility-1] INFO  259ogger -HHH000115: Hibernate connection pool size: 20 (min=1)
26-01-15 17:35:08 [Catalina-utility-1] INFO  175ogger -HHH000400: Using dialect: org.hibernate.dialect.MySQL5Dialect
26-01-15 17:35:08 [Catalina-utility-1] INFO  97ogger -Envers integration enabled? : true
26-01-15 17:35:10 [Catalina-utility-1] WARN  155ogger -HHH90001006: Missing cache[hibernate.cache.default-update-timestamps-region] was created on-the-fly. The created cache will use a provider-specific default configuration: make sure you defined one. You can disable this warning by setting 'hibernate.cache.ehcache.missing_cache_strategy' to 'create'.
26-01-15 17:35:10 [Catalina-utility-1] WARN  155ogger -HHH90001006: Missing cache[hibernate.cache.default-query-results-region] was created on-the-fly. The created cache will use a provider-specific default configuration: make sure you defined one. You can disable this warning by setting 'hibernate.cache.ehcache.missing_cache_strategy' to 'create'.
26-01-15 17:35:11 [Catalina-utility-1] WARN  155ogger -HHH90001006: Missing cache[hibernate.cache.com.entity.Provinces] was created on-the-fly. The created cache will use a provider-specific default configuration: make sure you defined one. You can disable this warning by setting 'hibernate.cache.ehcache.missing_cache_strategy' to 'create'.
26-01-15 17:35:11 [Catalina-utility-1] WARN  155ogger -HHH90001006: Missing cache[hibernate.cache.com.entity.LoggedIn] was created on-the-fly. The created cache will use a provider-specific default configuration: make sure you defined one. You can disable this warning by setting 'hibernate.cache.ehcache.missing_cache_strategy' to 'create'.
26-01-15 17:35:11 [Catalina-utility-1] WARN  155ogger -HHH90001006: Missing cache[hibernate.cache.com.entity.Districts] was created on-the-fly. The created cache will use a provider-specific default configuration: make sure you defined one. You can disable this warning by setting 'hibernate.cache.ehcache.missing_cache_strategy' to 'create'.
26-01-15 17:35:11 [Catalina-utility-1] WARN  155ogger -HHH90001006: Missing cache[hibernate.cache.com.entity.Users] was created on-the-fly. The created cache will use a provider-specific default configuration: make sure you defined one. You can disable this warning by setting 'hibernate.cache.ehcache.missing_cache_strategy' to 'create'.
26-01-15 17:35:11 [Catalina-utility-1] WARN  155ogger -HHH90001006: Missing cache[hibernate.cache.com.entity.Countries] was created on-the-fly. The created cache will use a provider-specific default configuration: make sure you defined one. You can disable this warning by setting 'hibernate.cache.ehcache.missing_cache_strategy' to 'create'.
26-01-15 17:35:12 [Catalina-utility-1] INFO  47ogger -HHH10001501: Connection obtained from JdbcConnectionAccess [org.hibernate.engine.jdbc.env.internal.JdbcEnvironmentInitiator$ConnectionProviderJdbcConnectionAccess@965adb2] for (non-JTA) DDL execution was not in auto-commit mode; the Connection 'local transaction' will be committed and the Connection will be set into auto-commit mode.
26-01-15 17:35:12 [Catalina-utility-1] INFO  52ogger -HHH000490: Using JtaPlatform implementation: [org.hibernate.engine.transaction.jta.platform.internal.NoJtaPlatform]
26-01-15 17:35:47 [main] INFO  44ogger -HHH000412: Hibernate ORM core version 5.4.33
26-01-15 17:35:48 [main] WARN  60ogger -HHH020100: The Ehcache second-level cache provider for Hibernate is deprecated.  See https://hibernate.atlassian.net/browse/HHH-12441 for details.
26-01-15 17:35:49 [main] INFO  56ogger -HCANN000001: Hibernate Commons Annotations {5.1.2.Final}
26-01-15 17:35:49 [main] WARN  72ogger -HHH10001002: Using Hibernate built-in connection pool (not for production use!)
26-01-15 17:35:49 [main] INFO  115ogger -HHH10001005: using driver [com.mysql.cj.jdbc.Driver] at URL [jdbc:mysql://localhost:3306/nadra_system]
26-01-15 17:35:49 [main] INFO  124ogger -HHH10001001: Connection properties: {password=****, user=root}
26-01-15 17:35:49 [main] INFO  129ogger -HHH10001003: Autocommit mode: false
26-01-15 17:35:49 [main] INFO  259ogger -HHH000115: Hibernate connection pool size: 20 (min=1)
26-01-15 17:35:49 [main] INFO  175ogger -HHH000400: Using dialect: org.hibernate.dialect.MySQL5Dialect
26-01-15 17:35:49 [main] INFO  97ogger -Envers integration enabled? : true
26-01-15 17:35:51 [main] WARN  155ogger -HHH90001006: Missing cache[hibernate.cache.default-update-timestamps-region] was created on-the-fly. The created cache will use a provider-specific default configuration: make sure you defined one. You can disable this warning by setting 'hibernate.cache.ehcache.missing_cache_strategy' to 'create'.
26-01-15 17:35:51 [main] WARN  155ogger -HHH90001006: Missing cache[hibernate.cache.default-query-results-region] was created on-the-fly. The created cache will use a provider-specific default configuration: make sure you defined one. You can disable this warning by setting 'hibernate.cache.ehcache.missing_cache_strategy' to 'create'.
26-01-15 17:35:51 [main] WARN  155ogger -HHH90001006: Missing cache[hibernate.cache.com.entity.Users] was created on-the-fly. The created cache will use a provider-specific default configuration: make sure you defined one. You can disable this warning by setting 'hibernate.cache.ehcache.missing_cache_strategy' to 'create'.
26-01-15 17:35:51 [main] WARN  155ogger -HHH90001006: Missing cache[hibernate.cache.com.entity.Provinces] was created on-the-fly. The created cache will use a provider-specific default configuration: make sure you defined one. You can disable this warning by setting 'hibernate.cache.ehcache.missing_cache_strategy' to 'create'.
26-01-15 17:35:51 [main] WARN  155ogger -HHH90001006: Missing cache[hibernate.cache.com.entity.Countries] was created on-the-fly. The created cache will use a provider-specific default configuration: make sure you defined one. You can disable this warning by setting 'hibernate.cache.ehcache.missing_cache_strategy' to 'create'.
26-01-15 17:35:51 [main] WARN  155ogger -HHH90001006: Missing cache[hibernate.cache.com.entity.Districts] was created on-the-fly. The created cache will use a provider-specific default configuration: make sure you defined one. You can disable this warning by setting 'hibernate.cache.ehcache.missing_cache_strategy' to 'create'.
26-01-15 17:35:51 [main] WARN  155ogger -HHH90001006: Missing cache[hibernate.cache.com.entity.LoggedIn] was created on-the-fly. The created cache will use a provider-specific default configuration: make sure you defined one. You can disable this warning by setting 'hibernate.cache.ehcache.missing_cache_strategy' to 'create'.
26-01-15 17:35:52 [main] INFO  47ogger -HHH10001501: Connection obtained from JdbcConnectionAccess [org.hibernate.engine.jdbc.env.internal.JdbcEnvironmentInitiator$ConnectionProviderJdbcConnectionAccess@f758e05] for (non-JTA) DDL execution was not in auto-commit mode; the Connection 'local transaction' will be committed and the Connection will be set into auto-commit mode.
26-01-15 17:35:52 [main] INFO  52ogger -HHH000490: Using JtaPlatform implementation: [org.hibernate.engine.transaction.jta.platform.internal.NoJtaPlatform]
26-01-15 17:35:59 [http-nio-8080-exec-3] INFO  390ogger -User Login SuccessFully Ali IP Address Is :0:0:0:0:0:0:0:1
26-01-15 17:38:40 [main] INFO  44ogger -HHH000412: Hibernate ORM core version 5.4.33
26-01-15 17:38:41 [main] WARN  60ogger -HHH020100: The Ehcache second-level cache provider for Hibernate is deprecated.  See https://hibernate.atlassian.net/browse/HHH-12441 for details.
26-01-15 17:38:41 [main] INFO  56ogger -HCANN000001: Hibernate Commons Annotations {5.1.2.Final}
26-01-15 17:38:42 [main] WARN  72ogger -HHH10001002: Using Hibernate built-in connection pool (not for production use!)
26-01-15 17:38:42 [main] INFO  115ogger -HHH10001005: using driver [com.mysql.cj.jdbc.Driver] at URL [jdbc:mysql://localhost:3306/nadra_system]
26-01-15 17:38:42 [main] INFO  124ogger -HHH10001001: Connection properties: {password=****, user=root}
26-01-15 17:38:42 [main] INFO  129ogger -HHH10001003: Autocommit mode: false
26-01-15 17:38:42 [main] INFO  259ogger -HHH000115: Hibernate connection pool size: 20 (min=1)
26-01-15 17:38:42 [main] INFO  175ogger -HHH000400: Using dialect: org.hibernate.dialect.MySQL5Dialect
26-01-15 17:38:42 [main] INFO  97ogger -Envers integration enabled? : true
26-01-15 17:38:44 [main] WARN  155ogger -HHH90001006: Missing cache[hibernate.cache.default-update-timestamps-region] was created on-the-fly. The created cache will use a provider-specific default configuration: make sure you defined one. You can disable this warning by setting 'hibernate.cache.ehcache.missing_cache_strategy' to 'create'.
26-01-15 17:38:44 [main] WARN  155ogger -HHH90001006: Missing cache[hibernate.cache.default-query-results-region] was created on-the-fly. The created cache will use a provider-specific default configuration: make sure you defined one. You can disable this warning by setting 'hibernate.cache.ehcache.missing_cache_strategy' to 'create'.
26-01-15 17:38:44 [main] WARN  155ogger -HHH90001006: Missing cache[hibernate.cache.com.entity.Countries] was created on-the-fly. The created cache will use a provider-specific default configuration: make sure you defined one. You can disable this warning by setting 'hibernate.cache.ehcache.missing_cache_strategy' to 'create'.
26-01-15 17:38:44 [main] WARN  155ogger -HHH90001006: Missing cache[hibernate.cache.com.entity.Provinces] was created on-the-fly. The created cache will use a provider-specific default configuration: make sure you defined one. You can disable this warning by setting 'hibernate.cache.ehcache.missing_cache_strategy' to 'create'.
26-01-15 17:38:44 [main] WARN  155ogger -HHH90001006: Missing cache[hibernate.cache.com.entity.LoggedIn] was created on-the-fly. The created cache will use a provider-specific default configuration: make sure you defined one. You can disable this warning by setting 'hibernate.cache.ehcache.missing_cache_strategy' to 'create'.
26-01-15 17:38:44 [main] WARN  155ogger -HHH90001006: Missing cache[hibernate.cache.com.entity.Users] was created on-the-fly. The created cache will use a provider-specific default configuration: make sure you defined one. You can disable this warning by setting 'hibernate.cache.ehcache.missing_cache_strategy' to 'create'.
26-01-15 17:38:44 [main] WARN  155ogger -HHH90001006: Missing cache[hibernate.cache.com.entity.Districts] was created on-the-fly. The created cache will use a provider-specific default configuration: make sure you defined one. You can disable this warning by setting 'hibernate.cache.ehcache.missing_cache_strategy' to 'create'.
26-01-15 17:38:44 [main] INFO  47ogger -HHH10001501: Connection obtained from JdbcConnectionAccess [org.hibernate.engine.jdbc.env.internal.JdbcEnvironmentInitiator$ConnectionProviderJdbcConnectionAccess@53fd061d] for (non-JTA) DDL execution was not in auto-commit mode; the Connection 'local transaction' will be committed and the Connection will be set into auto-commit mode.
26-01-15 17:38:45 [main] INFO  52ogger -HHH000490: Using JtaPlatform implementation: [org.hibernate.engine.transaction.jta.platform.internal.NoJtaPlatform]
26-01-15 17:38:53 [http-nio-8080-exec-1] INFO  390ogger -User Login SuccessFully Ali IP Address Is :0:0:0:0:0:0:0:1
26-01-15 17:39:51 [http-nio-8080-exec-1] INFO  466ogger -Logout SuccessFullAli
26-01-15 17:40:10 [http-nio-8080-exec-4] WARN  339ogger -Invalid CrendentialsnullPasswordnull
26-01-15 17:40:16 [http-nio-8080-exec-9] INFO  390ogger -User Login SuccessFully Ali IP Address Is :0:0:0:0:0:0:0:1
26-01-15 18:03:02 [http-nio-8080-exec-7] WARN  339ogger -Invalid Crendentials3520412345678Password1
26-01-15 18:03:07 [http-nio-8080-exec-8] INFO  390ogger -User Login SuccessFully Ali IP Address Is :0:0:0:0:0:0:0:1
26-01-15 18:18:22 [http-nio-8080-exec-6] INFO  390ogger -User Login SuccessFully Ali IP Address Is :0:0:0:0:0:0:0:1
